,text_data,source,best_key_word,category,label
0,goal is about conserving and sustainably using the oceans seas and marine resources,https://www.un.org/sustainabledevelopment/oceans,marine resources,Goal 14: Life Below Water,14
1, healthy oceans and seas are essential to human existence and life on earth,https://www.un.org/sustainabledevelopment/oceans,healthy oceans,Goal 14: Life Below Water,14
2, the ocean is intrinsic to our life on earth,https://www.un.org/sustainabledevelopment/oceans,ocean intrinsic,Goal 14: Life Below Water,14
3, covering three quarters of the earth s surface contain percent of the earth s water and represent percent of the living space on the planet by volume,https://www.un.org/sustainabledevelopment/oceans,percent earth,Goal 14: Life Below Water,14
4, they provide key natural resources including food medicines biofuels and other products help with the breakdown and removal of waste and pollution and their coastal ecosystems act as buffers to reduce damage from storms,https://www.un.org/sustainabledevelopment/oceans,coastal ecosystems,Goal 14: Life Below Water,14
5, they also act as the planet s greatest carbon sink,https://www.un.org/sustainabledevelopment/oceans,carbon sink,Goal 14: Life Below Water,14
6, worryingly marine pollution is reaching extreme levels with over million metric tons clogging the ocean in a figure set to double or triple by ,https://www.un.org/sustainabledevelopment/oceans,marine pollution,Goal 14: Life Below Water,14
7, plastic is the most harmful type of ocean pollution,https://www.un.org/sustainabledevelopment/oceans,ocean pollution,Goal 14: Life Below Water,14
8, currently the ocean s average ph is ,https://www.un.org/sustainabledevelopment/oceans,average ph,Goal 14: Life Below Water,14
9, which is about per cent more acidic than in pre industrial times,https://www.un.org/sustainabledevelopment/oceans,cent acidic,Goal 14: Life Below Water,14
10, ocean acidification threatens the survival of marine life disrupts the food web and undermines vital services provided by the ocean and our own food security,https://www.un.org/sustainabledevelopment/oceans,ocean acidification,Goal 14: Life Below Water,14
11, careful management of this essential global resource is a key feature of a sustainable future,https://www.un.org/sustainabledevelopment/oceans,sustainable future,Goal 14: Life Below Water,14
12, this includes increasing funding for ocean science intensifying conservation efforts and urgently turning the tide on climate change to safeguard the planet s largest ecosystem,https://www.un.org/sustainabledevelopment/oceans,funding ocean,Goal 14: Life Below Water,14
13, current efforts to protect are not yet meeting the urgent need to safeguard this vast yet fragile resource,https://www.un.org/sustainabledevelopment/oceans,efforts protect,Goal 14: Life Below Water,14
14, the ocean is our planet s life support and regulate the global climate system,https://www.un.org/sustainabledevelopment/oceans,ocean planet,Goal 14: Life Below Water,14
15, it is the world s largest ecosystem home to nearly a million known species and containing vast untapped potential for scientific discovery,https://www.un.org/sustainabledevelopment/oceans,largest ecosystem,Goal 14: Life Below Water,14
16, oceans and fisheries continue to support the global population s economic social and environmental needs,https://www.un.org/sustainabledevelopment/oceans,oceans fisheries,Goal 14: Life Below Water,14
17, despite the critical importance of conserving oceans decades of irresponsible exploitation have led to an alarming level of degradation,https://www.un.org/sustainabledevelopment/oceans,conserving oceans,Goal 14: Life Below Water,14
18, the ocean absorbs around per cent of annual co emissions generated by human activity and helps mitigate the impacts of climate change,https://www.un.org/sustainabledevelopment/oceans,ocean absorbs,Goal 14: Life Below Water,14
19, the ocean has also absorbed more than of the excess heat in the climate system,https://www.un.org/sustainabledevelopment/oceans,ocean absorbed,Goal 14: Life Below Water,14
20, ocean heat is at record levels causing widespread marine heatwaves threatening its rich eco systems and killing coral reefs around the world,https://www.un.org/sustainabledevelopment/oceans,ocean heat,Goal 14: Life Below Water,14
21, increasing levels of debris in the world s oceans are also having a major environmental and economic impact,https://www.un.org/sustainabledevelopment/oceans,debris world,Goal 14: Life Below Water,14
22, every year an estimated to million metric tonnes of plastic enters the ocean costing roughly billion per year including clean up costs and financial losses in fisheries and other industries,https://www.un.org/sustainabledevelopment/oceans,ocean costing,Goal 14: Life Below Water,14
23, about of plastic litter found on the ocean floor are single use items like plastic bags,https://www.un.org/sustainabledevelopment/oceans,plastic litter,Goal 14: Life Below Water,14
24, about of all tourism takes place in coastal areas,https://www.un.org/sustainabledevelopment/oceans,coastal areas,Goal 14: Life Below Water,14
25, the ocean related tourism industry grows an estimated us billion per year and in some countries the industry already supports over a third of the labour force,https://www.un.org/sustainabledevelopment/oceans,tourism industry,Goal 14: Life Below Water,14
26, unless carefully managed tourism can pose a major threat to the natural resources on which it depends and to local culture and industry,https://www.un.org/sustainabledevelopment/oceans,tourism,Goal 14: Life Below Water,14
27, how is the ocean connected to our health,https://www.un.org/sustainabledevelopment/oceans,ocean connected,Goal 14: Life Below Water,14
28, the health of the ocean is intimately tied to our health,https://www.un.org/sustainabledevelopment/oceans,health ocean,Goal 14: Life Below Water,14
29, the diversity of species found in the ocean offers great promise for pharmaceuticals,https://www.un.org/sustainabledevelopment/oceans,species ocean,Goal 14: Life Below Water,14
30, furthermore marine fisheries provide million jobs globally and provide the primary source of protein to over of the population in least developed countries,https://www.un.org/sustainabledevelopment/oceans,fisheries provide,Goal 14: Life Below Water,14
31, for open ocean and deep sea areas sustainability can be achieved only through increased international cooperation to protect vulnerable habitats,https://www.un.org/sustainabledevelopment/oceans,sustainability achieved,Goal 14: Life Below Water,14
32, establishing complete effective and equitably managed systems of government protected areas should be pursued to conserve bio diversity and ensure a sustainable future for the fishing industry,https://www.un.org/sustainabledevelopment/oceans,fishing industry,Goal 14: Life Below Water,14
33, one example is the biodiversity beyond national jurisdiction agreement in that provides a legal framework for all activities in the ocean and seas,https://www.un.org/sustainabledevelopment/oceans,example biodiversity,Goal 14: Life Below Water,14
34, on a local level we should make ocean friendly choices when buying products or eating food derived from oceans and consume only what we need,https://www.un.org/sustainabledevelopment/oceans,oceans consume,Goal 14: Life Below Water,14
35, facts and figuresgoal targetslinksfacts and figures,https://www.un.org/sustainabledevelopment/oceans,targetslinksfacts figures,Goal 14: Life Below Water,14
36,the ocean is in a state of emergency as increasing eutrophication acidification ocean warming and plastic pollution worsen its health,https://www.un.org/sustainabledevelopment/oceans,ocean warming,Goal 14: Life Below Water,14
37, additionally the alarming trend of overfishing persists leading to the depletion of over one third of global fish stocks,https://www.un.org/sustainabledevelopment/oceans,trend overfishing,Goal 14: Life Below Water,14
38, while there has been some progress in expanding marine protected areas combating illegal unreported and unregulated fishing banning fishing subsidies and supporting small scale fishers action is not advancing at the speed or scale required to meet goal ,https://www.un.org/sustainabledevelopment/oceans,banning fishing,Goal 14: Life Below Water,14
39, to counter these trends swift and coordinated global action is imperative,https://www.un.org/sustainabledevelopment/oceans,global action,Goal 14: Life Below Water,14
40, this entails increasing funding for ocean science intensifying conservation efforts advancing nature and ecosystem based solutions addressing the interconnections and impacts of human induced pressures and urgently turning the tide on climate change to safeguard the planet s largest ecosystem,https://www.un.org/sustainabledevelopment/oceans,funding ocean,Goal 14: Life Below Water,14
41,source the sustainable development goals report goal targets ,https://www.un.org/sustainabledevelopment/oceans,sustainable development,Goal 14: Life Below Water,14
42, by prevent and significantly reduce marine pollution of all kinds in particular from land based activities including marine debris and nutrient pollution ,https://www.un.org/sustainabledevelopment/oceans,marine pollution,Goal 14: Life Below Water,14
43, by sustainably manage and protect marine and coastal ecosystems to avoid significant adverse impacts including by strengthening their resilience and take action for their restoration in order to achieve healthy and productive oceans ,https://www.un.org/sustainabledevelopment/oceans,coastal ecosystems,Goal 14: Life Below Water,14
44, minimize and address the impacts of ocean acidification including through enhanced scientific cooperation at all levels ,https://www.un.org/sustainabledevelopment/oceans,ocean acidification,Goal 14: Life Below Water,14
45, by effectively regulate harvesting and end overfishing illegal unreported and unregulated fishing and destructive fishing practices and implement science based management plans in order to restore fish stocks in the shortest time feasible at least to levels that can produce maximum sustainable yield as determined by their biological characteristics ,https://www.un.org/sustainabledevelopment/oceans,unregulated fishing,Goal 14: Life Below Water,14
46, by conserve at least per cent of coastal and marine areas consistent with national and international law and based on the best available scientific information ,https://www.un.org/sustainabledevelopment/oceans,2020 conserve,Goal 14: Life Below Water,14
47, by prohibit certain forms of fisheries subsidies which contribute to overcapacity and overfishing eliminate subsidies that contribute to illegal unreported and unregulated fishing and refrain from introducing new such subsidies recognizing that appropriate and effective special and differential treatment for developing and least developed countries should be an integral part of the world trade organization fisheries subsidies negotiation ,https://www.un.org/sustainabledevelopment/oceans,fisheries subsidies,Goal 14: Life Below Water,14
48, by increase the economic benefits to small island developing states and least developed countries from the sustainable use of marine resources including through sustainable management of fisheries aquaculture and tourism ,https://www.un.org/sustainabledevelopment/oceans,island developing,Goal 14: Life Below Water,14
49,a increase scientific knowledge develop research capacity and transfer marine technology taking into account the intergovernmental oceanographic commission criteria and guidelines on the transfer of marine technology in order to improve ocean health and to enhance the contribution of marine biodiversity to the development of developing countries in particular small island developing states and least developed countries ,https://www.un.org/sustainabledevelopment/oceans,marine technology,Goal 14: Life Below Water,14
50,b provide access for small scale artisanal fishers to marine resources and markets ,https://www.un.org/sustainabledevelopment/oceans,fishers marine,Goal 14: Life Below Water,14
51,c enhance the conservation and sustainable use of oceans and their resources by implementing international law as reflected in unclos which provides the legal framework for the conservation and sustainable use of oceans and their resources as recalled in paragraph of the future we want links fao fisheries and aquaculture unep ecosystem management convention on biological diversity un oceans unesco intergovernmental oceanographic commission undp water and ocean governance imo ocean conference un division for ocean affairs and law of the sea undp oceans unep oceans the ocean decade fast facts life below water infographic why our ocean matters,https://www.un.org/sustainabledevelopment/oceans,ocean governance,Goal 14: Life Below Water,14
52,the high level un ocean conference will be co hosted by france and costa rica and held in nice france from june under the theme accelerating action and mobilizing all actors to conserve and sustainably use the ocean ,https://www.un.org/sustainabledevelopment/oceans,ocean conference,Goal 14: Life Below Water,14
53, the conference will bring together all relevant stakeholders to assess challenges and opportunities relating to as well as actions taken towards the implementation of goal ,https://www.un.org/sustainabledevelopment/oceans,implementation goal,Goal 14: Life Below Water,14
54,org conferences ocean related news droughts are causing record devastation worldwide un backed report reveals gallery droughts are causing record devastation worldwide un backed report revealsdpicampaigns t jul worldwide some of the most widespread and damaging drought events in recorded history have occurred in recent years due to climate change and resource depletion,https://www.un.org/sustainabledevelopment/oceans,damaging drought,Goal 14: Life Below Water,14
55, read full story on un newsread more you have to be able to rule your life the care revolution in latin america gallery you have to be able to rule your life the care revolution in latin americadpicampaigns t jul globally there are ,https://www.un.org/sustainabledevelopment/oceans,care revolution,Goal 14: Life Below Water,14
56, billion hours of work that the world never pays for because it barely even sees these duties,https://www.un.org/sustainabledevelopment/oceans,world pays,Goal 14: Life Below Water,14
57, read more indigenous youth meet trailblazers ahead of nelson mandela day gallery indigenous youth meet trailblazers ahead of nelson mandela daydpicampaigns t jul a group of indigenous youth from the united states some as young as seven visited the united nations headquarters in new york this week for the first time,https://www.un.org/sustainabledevelopment/oceans,indigenous youth,Goal 14: Life Below Water,14
58, read more nextload more postsrelated videosdpicampaigns t droughts are causing record devastation worldwide un backed report revealsworldwide some of the most widespread and damaging drought events in recorded history have occurred in recent years due to climate change and resource depletion,https://www.un.org/sustainabledevelopment/oceans,damaging drought,Goal 14: Life Below Water,14
59, read full story on un newsdpicampaigns t you have to be able to rule your life the care revolution in latin americaglobally there are ,https://www.un.org/sustainabledevelopment/oceans,care revolution,Goal 14: Life Below Water,14
60, billion hours of work that the world never pays for because it barely even sees these duties,https://www.un.org/sustainabledevelopment/oceans,world pays,Goal 14: Life Below Water,14
61, dpicampaigns t indigenous youth meet trailblazers ahead of nelson mandela daya group of indigenous youth from the united states some as young as seven visited the united nations headquarters in new york this week for the first time,https://www.un.org/sustainabledevelopment/oceans,youth meet,Goal 14: Life Below Water,14
62,the goals read moreread moreread moreread moreread moreread moreread moreread moreread moreread moreread moreread moreread moreread moreread moreread moreread moreread more sdg resources across the unsustainable development knowledge platform united nations sustainable development group united to reform united nations homepage sdg media zone un newsdroughts are causing record devastation worldwide un backed report revealspakistan reels under monsoon deluge as death toll climbsworld horse day honoring humanity s oldest and most loyal companionoverlooked and underestimated sand and dust storms wreak havoc across borders follow us united nations a z site index contact copyright faq fraud alert privacy notice terms of use page load link go to top,https://www.un.org/sustainabledevelopment/oceans,united nations,Goal 14: Life Below Water,14
0,oceans and seas department of economic and social affairs sorry you need to enable javascript to visit this website,https://sdgs.un.org/topics/oceans-and-seas,oceans seas,Goal 14: Life Below Water,14
1, skip to main content welcome to the united nations englishfran ais espa ol department of economic and social affairs sustainable development main navigation home sdg knowledge sustainable development goals key topics agenda capacity development publications natural resources forum intergovernmental processes high level political forum on sustainable development un conferences and high level events related to sustainable development multi stakeholder forum on science technology and innovation for the sdgs second committee of the un general assembly samoa pathway ecosoc partnership forum hlpf sids th international conference on small island developing states small island developing states multidimensional vulnerability index for sids united nations sids partnerships awards sids partnership framework sdg actions sdg actions platform faq about the submission of voluntary commitments sdg actions engage events webinars member states un system stakeholder engagement news about topics oceans and seas related sdgs conserve and sustainably use the oceans seas ,https://sdgs.un.org/topics/oceans-and-seas,sustainable development,Goal 14: Life Below Water,14
2, description publications events documents statements milestones ocean conference more information communities of ocean action description,https://sdgs.un.org/topics/oceans-and-seas,ocean conference,Goal 14: Life Below Water,14
3,oceans seas and coastal areas form an integrated and essential component of the earth s ecosystem and are critical to sustainable development,https://sdgs.un.org/topics/oceans-and-seas,oceans seas,Goal 14: Life Below Water,14
4, they cover more than two thirds of the earth s surface and contain of the planet s water,https://sdgs.un.org/topics/oceans-and-seas,planet water,Goal 14: Life Below Water,14
5, oceans contribute to poverty eradication by creating sustainable livelihoods and decent work,https://sdgs.un.org/topics/oceans-and-seas,oceans contribute,Goal 14: Life Below Water,14
6, over three billion people depend on marine and coastal resources for their livelihoods,https://sdgs.un.org/topics/oceans-and-seas,coastal resources,Goal 14: Life Below Water,14
7, in addition oceans are crucial for global food security and human health,https://sdgs.un.org/topics/oceans-and-seas,oceans crucial,Goal 14: Life Below Water,14
8, they are also the primary regulator of the global climate an important sink for greenhouse gases and they provide us with water and the oxygen we breathe,https://sdgs.un.org/topics/oceans-and-seas,greenhouse gases,Goal 14: Life Below Water,14
9, finally oceans host huge reservoirs of biodiversity,https://sdgs.un.org/topics/oceans-and-seas,reservoirs biodiversity,Goal 14: Life Below Water,14
10, the importance of oceans for sustainable development is widely recognized by the international community and embodied in chapter of agenda the johannesburg plan of implementation and various decisions taken by the commission on sustainable development,https://sdgs.un.org/topics/oceans-and-seas,oceans sustainable,Goal 14: Life Below Water,14
11, the millennium ecosystem assessment emphasizes that all humans depend on the earth s ecosystems and the services they provide,https://sdgs.un.org/topics/oceans-and-seas,millennium ecosystem,Goal 14: Life Below Water,14
12, in the rio outcome document the future we want member states called for holistic and integrated approaches to sustainable development that will guide humanity to live in harmony with nature and lead to efforts to restore the health and integrity of the earth s ecosystem ,https://sdgs.un.org/topics/oceans-and-seas,sustainable development,Goal 14: Life Below Water,14
13, in this context they stressed among others the importance of the conservation and sustainable use of the oceans and seas and of their resources for sustainable development including through their contributions to poverty eradication sustained economic growth food security and creation of sustainable livelihoods and decent work ,https://sdgs.un.org/topics/oceans-and-seas,seas resources,Goal 14: Life Below Water,14
14, accordingly the proposal of the open working group on sustainable development goals submitted to the united nations general assembly in august contained sustainable development goal sdg which aims to conserve and sustainable use the oceans seas and marine resources for sustainable development ,https://sdgs.un.org/topics/oceans-and-seas,sustainable development,Goal 14: Life Below Water,14
15, issues related to oceans and seas are addressed in the targets under sdg as well as many other related sdgs under the agenda for sustainable development the outcome document of the united nations summit for the adoption of the posst development agenda in ,https://sdgs.un.org/topics/oceans-and-seas,development agenda,Goal 14: Life Below Water,14
16, in order for oceans seas and marine resources to successfully contribute to human well being ecosystem integrity with properly functioning biogeochemical and physical processes is required,https://sdgs.un.org/topics/oceans-and-seas,ecosystem integrity,Goal 14: Life Below Water,14
17, this does not require unperturbed systems but systems that have not suffered serious or irreversible harm,https://sdgs.un.org/topics/oceans-and-seas,unperturbed systems,Goal 14: Life Below Water,14
18, ecosystem integrity allows for the provision of so called supporting ecosystem services which in turn are the bases of important regulating provisioning and cultural ecosystem services that are of crucial importance for humans,https://sdgs.un.org/topics/oceans-and-seas,ecosystem integrity,Goal 14: Life Below Water,14
19, whereas the benefits provided by oceans seas and marine resources are important to all people the poor indigenous peoples and vulnerable groups with a high dependency on natural resources and ecosystem services may have their well being especially tied to these benefits,https://sdgs.un.org/topics/oceans-and-seas,benefits,Goal 14: Life Below Water,14
20, the link between oceans seas and marine resources and human well being is not one sided,https://sdgs.un.org/topics/oceans-and-seas,link oceans,Goal 14: Life Below Water,14
21, while an increase in human well being is frequently generated at the cost of ecosystem integrity it can also potentially reduce the negative anthropogenic impacts on the marine environment due to a more sustainable use of resources changes in production and consumption patterns and improved management and control of human activities for example,https://sdgs.un.org/topics/oceans-and-seas,marine environment,Goal 14: Life Below Water,14
22, in order for this to happen good governance and an enabling environment are however required,https://sdgs.un.org/topics/oceans-and-seas,governance enabling,Goal 14: Life Below Water,14
23, oceans seas and marine resources are increasingly threatened degraded or destroyed by human activities reducing their ability to provide crucial ecosystem services,https://sdgs.un.org/topics/oceans-and-seas,crucial ecosystem,Goal 14: Life Below Water,14
24, important classes of threats are among others climate change marine pollution unsustainable extraction of marine resources and physical alterations and destruction of marine and coastal habitats and landscapes,https://sdgs.un.org/topics/oceans-and-seas,marine pollution,Goal 14: Life Below Water,14
25, the deterioration of coastal and marine ecosystems and habitats is negatively affecting human well being worldwide,https://sdgs.un.org/topics/oceans-and-seas,deterioration coastal,Goal 14: Life Below Water,14
26, good governance an enabling environment sustainable land and marine based human activities and adequate measures will be required to reduce the negative anthropogenic impacts on the marine environment for example due to a more sustainable use of resources changes in production and consumption patterns and improved management and control of human activities,https://sdgs.un.org/topics/oceans-and-seas,marine environment,Goal 14: Life Below Water,14
27, projects and measures should ideally be designed and implemented in an integrated cross sectoral and cross scale manner in line with the ecosystem approach and involving all stakeholders,https://sdgs.un.org/topics/oceans-and-seas,ecosystem approach,Goal 14: Life Below Water,14
28, human well being cannot be achieved without the protection and conservation of the earth s ecosystem,https://sdgs.un.org/topics/oceans-and-seas,conservation earth,Goal 14: Life Below Water,14
29, to maintain the quality of life that the oceans have provided to humankind while sustaining the integrity of their ecosystems a change will be required in how humans view manage and use oceans seas and marine resources,https://sdgs.un.org/topics/oceans-and-seas,use oceans,Goal 14: Life Below Water,14
30,publications assessment of the impacts of the united nations ocean conference voluntary commitments this report provides an initial assessment of the impacts of the voluntary commitments as of registered as part of the united nations conference to support the implementation of sustainable development goal conserve and sustainably use the oceans seas and marine resources for ,https://sdgs.un.org/topics/oceans-and-seas,voluntary commitments,Goal 14: Life Below Water,14
31, read the document promotion and strengthening of sustainable ocean based economies the report examines recent developments in sustainable ocean based economies including definitions developments at the national regional and global levels challenges to blue economy implementation and some of the lessons that have been learned from early examples implemented around the world,https://sdgs.un.org/topics/oceans-and-seas,sustainable ocean,Goal 14: Life Below Water,14
32, read the document global ocean science report charting capacity for ocean sustainability based on data collected from around the world the global ocean science report gosr offers a global record of how where and by whom ocean science is conducted,https://sdgs.un.org/topics/oceans-and-seas,ocean sustainability,Goal 14: Life Below Water,14
33, by analysing the workforce infrastructures equipment funding investments publications data flow and exchange policies as ,https://sdgs.un.org/topics/oceans-and-seas,analysing workforce,Goal 14: Life Below Water,14
34, read the document launch of the second world ocean assessment woa ii volume ii the second world ocean assessment woa ii the second world ocean assessment woa ii is the major output of the nbsp second cycle nbsp of the regular process for global reporting and assessment of the states of the marine environment including socioeconomic aspects,https://sdgs.un.org/topics/oceans-and-seas,woa ii,Goal 14: Life Below Water,14
35, it is the newest outcome of th,https://sdgs.un.org/topics/oceans-and-seas,newest outcome,Goal 14: Life Below Water,14
36, read the document launch of the second world ocean assessment woa ii volume i the second world ocean assessment woa ii the second world ocean assessment woa ii is the major output of the nbsp second cycle nbsp of the regular process for global reporting and assessment of the states of the marine environment including socioeconomic aspects,https://sdgs.un.org/topics/oceans-and-seas,woa ii,Goal 14: Life Below Water,14
37, it is the newest outcome of th,https://sdgs.un.org/topics/oceans-and-seas,newest outcome,Goal 14: Life Below Water,14
38, read the document global ocean science report the current status of ocean science around the world the global ocean science report gosr assesses for the first time the status and trends in ocean science capacity around the world,https://sdgs.un.org/topics/oceans-and-seas,ocean science,Goal 14: Life Below Water,14
39, the report offers a global record of who how and where ocean science is conducted generating knowledge helping to protect ocean health and empowering society to s,https://sdgs.un.org/topics/oceans-and-seas,ocean science,Goal 14: Life Below Water,14
40, read the document the potential of the blue economy increasing long term benefits of the sustainable use of marine resources for sids and coastal least developed countries this report was drafted by a working group of united nations entities the world bank and other stakeholders to suggest a common understanding of the blue economy to highlight the importance of such an approach particularly for small island developing states and coastal least developed countries ,https://sdgs.un.org/topics/oceans-and-seas,blue economy,Goal 14: Life Below Water,14
41,achieving the sustainable development goal for the oceans the united nations agenda for sustainable development and its comprehensive set of interlinking sustainable development goals sdgs offer a unique opportunity to advance ocean sustainability,https://sdgs.un.org/topics/oceans-and-seas,ocean sustainability,Goal 14: Life Below Water,14
42, the development of a robust implementation framework for the sustainable development goal for the o,https://sdgs.un.org/topics/oceans-and-seas,framework sustainable,Goal 14: Life Below Water,14
43, read the document global sustainable development report edition gsdr building upon the and reports the current report responds to the mandate from the rio conference to contribute to strengthening the science policy interface for sustainable development in the context of the high level political forum on sustainable development hlpf ,https://sdgs.un.org/topics/oceans-and-seas,sustainable development,Goal 14: Life Below Water,14
44, read the document first global integrated marine assessment world ocean assessment a regular process for global reporting and assessment of the state of the marine environment including socio economic aspects regular process on december the united nations general assembly adopted resolution on oceans and the law of the sea in which it welcomed with appreciat,https://sdgs.un.org/topics/oceans-and-seas,ocean assessment,Goal 14: Life Below Water,14
45, read the document global blue growth initiative and small island developing states sids three quarters of the earth s surface is covered by oceans and seas which are an engine for global economic growth and a key source of food security,https://sdgs.un.org/topics/oceans-and-seas,island developing,Goal 14: Life Below Water,14
46, the global ocean economic activity is estimated to be usd trillion,https://sdgs.un.org/topics/oceans-and-seas,ocean economic,Goal 14: Life Below Water,14
47, ninety percent of global trade moves by marine transport,https://sdgs.un.org/topics/oceans-and-seas,marine transport,Goal 14: Life Below Water,14
48, read the document transforming our world the agenda for sustainable development this agenda is a plan of action for people planet and prosperity,https://sdgs.un.org/topics/oceans-and-seas,agenda sustainable,Goal 14: Life Below Water,14
49, it also seeks to strengthen universal peace in larger freedom we recognize that eradicating poverty in all its forms and dimensions including extreme poverty is the greatest global challenge and an indispensable requirement for su,https://sdgs.un.org/topics/oceans-and-seas,eradicating poverty,Goal 14: Life Below Water,14
50, read the document pagination next page last last page events see all events jul mon wed expert group meetings for hlpf thematic review the theme of the high level political forum hlpf is advancing sustainable inclusive science and evidence based solutions for the agenda and its sdgs for leaving no one behind ,https://sdgs.un.org/topics/oceans-and-seas,2025 hlpf,Goal 14: Life Below Water,14
51, the hlpf will have an in depth review of sustainable development goals ensure healthy lives and pr jun fri unoc tenth plenary meeting and closing of the conference tenth plenary meetingwatch live session nbsp plenary hall nice congress centre nice france jun fri ,https://sdgs.un.org/topics/oceans-and-seas,2025 hlpf,Goal 14: Life Below Water,14
52, jun fri unoc tenth plenary meeting and closing of the conference tenth plenary meetingwatch live session nbsp plenary hall nice congress centre nice france jun fri ocean action panel enhancing the conservation and sustainable use of oceans and their resources by implementing international law as reflected in the unclos ocean action panel enhancing the conservation and sustainable use of oceans and their resources by implementing international law as reflected in the unclosconcept paper english arabic chinese french russian spanish oap by ola goransson watch live session ocean action panel room nice congress centre nice france jun fri unoc ninth plenary meeting ninth plenary meeting nbsp nbsp plenary hall nice congress centre nice france jun fri ocean action panel promoting the role of sustainable food from the ocean for poverty eradication and food security ocean action panel promoting the role of sustainable food from the ocean for poverty eradication and food security nbsp concept paper english arabic chinese french russian spanish oap watch live session ocean action panel room nice congress centre nice france jun thu ocean action panel promoting and supporting all forms of cooperation especially at the regional and sub regional level ocean action panel promoting and supporting all forms of cooperation especially at the regional and sub regional levelconcept paper english arabic chinese french russian spanish oap watch live session ocean action panel room nice congress centre nice france jun thu unoc eighth plenary meeting eighth plenary meeting nbsp plenary hall nice congress centre nice france jun thu unoc seventh plenary meeting seventh plenary meeting nbsp watch live session nbsp nbsp nbsp plenary hall nice congress centre nice france jun thu ocean action panel leveraging ocean climate and biodiversity interlinkages ocean action panel leveraging ocean climate and biodiversity interlinkagesconcept paper english arabic chinese french russian spanish oap watch live session ocean action panel room nice congress centre nice france jun wed unoc sixth plenary meeting sixth plenary meetingwatch live session plenary hall nice congress centre nice france displaying of title type date letter letters jul unoc bn background notes jun ,https://sdgs.un.org/topics/oceans-and-seas,oceans resources,Goal 14: Life Below Water,14
53,plenary hall nice congress centre nice france displaying of title type date letter letters jul unoc bn background notes jun ocean action newsletter august other document aug integrated and coordinated implementation of and follow up to the outcomes resolutions and decisions may ocean action newsletter march other document mar programmes for the interactive dialogues un ocean conference provisional agenda jun information note for unoc participants jun media advisory un ocean conference public information jun political declaration for unoc outcome document jun letters on unoc interactive dialogue co chairs letters may concept papers of the interactive dialogues concept papers may protocol note verbale unoc may april informal consultations on the political declaration statements apr contributions from un sytem to the concept paper of interactive dialogue unoc concept notes apr unoc political declaration april draft key documents apr pagination next next page last last page displaying of title category date sort ascending an academy for implementing the guidelines for sustainable and prosperous small scale day session may removal of marine debris from reef areas in gulf of mannar tamil nadu india j,https://sdgs.un.org/topics/oceans-and-seas,unoc political,Goal 14: Life Below Water,14
54, day session may queen quet of the gullah geechee people day session may dr,https://sdgs.un.org/topics/oceans-and-seas,gullah geechee,Goal 14: Life Below Water,14
55, jenna jambeck associate professor of environmental engineering director of presentations sep community of ocean action for mangroves september presentations sep community of ocean action for mangroves september presentations sep community of ocean action for mangroves september presentations sep an overview of sdg ocean conference voluntary commitments including mangroves presentations sep reso femmes major groups jun slovenia statements jun tuvalu statements jun global partnerships forum major groups jun universal esperanto association major groups jun commission for the protection of the marine environment of the north east atlantic ospar statements jun haiti statements jun pagination next next page last last page milestones june lisbon ocean conference,https://sdgs.un.org/topics/oceans-and-seas,action mangroves,Goal 14: Life Below Water,14
56,haiti statements jun pagination next next page last last page milestones june lisbon ocean conference the ocean covers percent of the earth s surface is the planet s largest biosphere and home to up to percent of all life in the world,https://sdgs.un.org/topics/oceans-and-seas,largest biosphere,Goal 14: Life Below Water,14
57, it generates percent of the oxygen we need absorbs percent of all carbon dioxide emissions and captures percent of the additional heat generated from those emissions,https://sdgs.un.org/topics/oceans-and-seas,generated emissions,Goal 14: Life Below Water,14
58, it is not just the lungs of the planet but also its largest carbon sink a vital buffer against the impacts of climate change,https://sdgs.un.org/topics/oceans-and-seas,lungs planet,Goal 14: Life Below Water,14
59, it nurtures unimaginable biodiversity and produces food jobs mineral and energy resources needed for life on the planet to survive and thrive,https://sdgs.un.org/topics/oceans-and-seas,biodiversity produces,Goal 14: Life Below Water,14
60, there is a great deal we still do not know about the ocean but there are many reasons why we need to manage it sustainability as set out in the targets of sustainable development goal life below water,https://sdgs.un.org/topics/oceans-and-seas,ocean reasons,Goal 14: Life Below Water,14
61, the science is clear the ocean is facing unprecedent threats as a result of human activities,https://sdgs.un.org/topics/oceans-and-seas,ocean,Goal 14: Life Below Water,14
62, its health and ability to sustain life will only get worse as the world population grows and human activities increase,https://sdgs.un.org/topics/oceans-and-seas,sustain life,Goal 14: Life Below Water,14
63, if we want to address some of the most defining issues of our time such as climate change food insecurity diseases and pandemics diminishing biodiversity economic inequality and even conflicts and strife we must act now to protect the state of our ocean,https://sdgs.un.org/topics/oceans-and-seas,state ocean,Goal 14: Life Below Water,14
64, january the ocean conference the high level united nations conference to support the implementation of sustainable development goal conserve and sustainably use the oceans seas and marine resources for sustainable development was convened at united nations headquarters in new york from to june coinciding with world oceans day to support the implementation of sustainable development goal ,https://sdgs.un.org/topics/oceans-and-seas,ocean conference,Goal 14: Life Below Water,14
65, the governments of fiji and sweden have the co hosting responsibilities of the conference,https://sdgs.un.org/topics/oceans-and-seas,governments fiji,Goal 14: Life Below Water,14
66, the conference aims to be the game changer that will reverse the decline in the health of our ocean for people planet and prosperity,https://sdgs.un.org/topics/oceans-and-seas,health ocean,Goal 14: Life Below Water,14
67, it will be solutions focused with engagement from all,https://sdgs.un.org/topics/oceans-and-seas,focused engagement,Goal 14: Life Below Water,14
68, the conference raised global consciousness on ocean issues produced strong ambitious outcomes including an intergovernmentally agreed political declaration our ocean our future call for action the co chairs summaries of seven partnership dialogues and over voluntary commitments from governments the un system igos the major groups and other stakeholders individually or in partnership to advance the implementation of sdg and related targets,https://sdgs.un.org/topics/oceans-and-seas,declaration ocean,Goal 14: Life Below Water,14
69, the political declaration our ocean our future call for action was adopted by the general assembly on july through resolution a ,https://sdgs.un.org/topics/oceans-and-seas,declaration ocean,Goal 14: Life Below Water,14
70,january sdg in paragraph of the agenda for sustainable development member states recognize that social and economic development depends on the sustainable management of our planet s natural resources and determine to conserve and sustainably use oceans and seas freshwater resources as well as forests mountains and dry lands and to protect biodiversity ecosystems and wildlife ,https://sdgs.un.org/topics/oceans-and-seas,sustainable development,Goal 14: Life Below Water,14
71, sustainable development goal aims to conserve and sustainably use the oceans seas and marine resources for sustainable development,https://sdgs.un.org/topics/oceans-and-seas,sustainable development,Goal 14: Life Below Water,14
72, january samoa pathway the third international conference on small island developing states was held from to september in apia samoa,https://sdgs.un.org/topics/oceans-and-seas,samoa pathway,Goal 14: Life Below Water,14
73, the overarching theme of the conference was the sustainable development of small island developing states through genuine and durable partnerships ,https://sdgs.un.org/topics/oceans-and-seas,island developing,Goal 14: Life Below Water,14
74, the sids accelerated modalities of action samoa pathway samoa pathway adopted at the conference addresses priority areas for sids and calls for urgent actions and support for sids efforts to achieve their sustainable development,https://sdgs.un.org/topics/oceans-and-seas,sids efforts,Goal 14: Life Below Water,14
75, january future we want para in the rio outcome document future we want member states call for holistic and integrated approaches to sustainable development that will guide humanity to live in harmony with nature and lead to efforts to restore the health and integrity of the earth s ecosystem ,https://sdgs.un.org/topics/oceans-and-seas,2012 future,Goal 14: Life Below Water,14
76, in this context they stress inter alia the importance of the conservation and sustainable use of the oceans and seas and of their resources for sustainable development including through their contributions to poverty eradication sustained economic growth food security and creation of sustainable livelihoods and decent work ,https://sdgs.un.org/topics/oceans-and-seas,seas resources,Goal 14: Life Below Water,14
77, of gpa adopted on the occasion of the third intergovernmental review meeting igr on the implementation of the global programme of action for the protection of the marine environment from land based activities gpa the manila declaration reaffirmed signatories commitment to develop policies to reduce and control waste water marine litter and pollution from fertilizers,https://sdgs.un.org/topics/oceans-and-seas,gpa manila,Goal 14: Life Below Water,14
78, the agreement includes a total of provisions focusing on actions to be taken between and at international regional and local levels,https://sdgs.un.org/topics/oceans-and-seas,16 provisions,Goal 14: Life Below Water,14
79, january sg s year action agenda the sg s five year action agenda has focused on key priorities sustainable development prevention building a safer and more secure world supporting nations in transition and working with and for women and young people,https://sdgs.un.org/topics/oceans-and-seas,agenda sg,Goal 14: Life Below Water,14
80, january un oceans the united nations high level committee on programmes decided in the establishment of an oceans and coastal areas network subsequently named un oceans to build on soca,https://sdgs.un.org/topics/oceans-and-seas,2003 oceans,Goal 14: Life Below Water,14
81, this entity would cover a wide range of issues and would be composed of the relevant programmes entities and specialized agencies of the un system and the secretariats of the relevant international conventions including the international seabed authority and the convention on biological diversity,https://sdgs.un.org/topics/oceans-and-seas,seabed authority,Goal 14: Life Below Water,14
82,this entity would cover a wide range of issues and would be composed of the relevant programmes entities and specialized agencies of the un system and the secretariats of the relevant international conventions including the international seabed authority and the convention on biological diversity,https://sdgs.un.org/topics/oceans-and-seas,seabed authority,Goal 14: Life Below Water,14
83, at its th session the general assembly invited the secretary general to establish an inter agency coordination mechanism on oceans and coastal issues within the united nations system,https://sdgs.un.org/topics/oceans-and-seas,agency coordination,Goal 14: Life Below Water,14
84, un oceans has met on an annual basis since ,https://sdgs.un.org/topics/oceans-and-seas,oceans met,Goal 14: Life Below Water,14
85, january un fish stocks agreement adopted on august the agreement for the implementation of the provisions of the united nations convention on the law of the sea of december relating to the conservation and management of straddling fish stocks and highly migratory fish stocks un fish stocks agreement entered into force on december ,https://sdgs.un.org/topics/oceans-and-seas,fish stocks,Goal 14: Life Below Water,14
86, the agreement has been intended to facilitate the implementation of some particular provisions of the united nations convention on the law of the sea related to the conservation and management of straddling fish stocks and highly migratory fish stocks,https://sdgs.un.org/topics/oceans-and-seas,straddling fish,Goal 14: Life Below Water,14
87, january unclos also known as the law of the sea convention or the law of the sea treaty the united nations convention on the law of the sea unclos is the international agreement resulted from the third united nations conference on the law of the sea unclos iii held between and ,https://sdgs.un.org/topics/oceans-and-seas,sea unclos,Goal 14: Life Below Water,14
88, the convention was adopted in but entered into force only in after guyana s ratification to the treaty as th signatory country,https://sdgs.un.org/topics/oceans-and-seas,guyana ratification,Goal 14: Life Below Water,14
89, the convention describes the rights and responsibilities of nations with respect to their use of the world s oceans establishing guidelines for businesses the environment and the management of marine natural resources,https://sdgs.un.org/topics/oceans-and-seas,oceans establishing,Goal 14: Life Below Water,14
90, pagination page next page next ,https://sdgs.un.org/topics/oceans-and-seas,pagination page,Goal 14: Life Below Water,14
91,the convention describes the rights and responsibilities of nations with respect to their use of the world s oceans establishing guidelines for businesses the environment and the management of marine natural resources,https://sdgs.un.org/topics/oceans-and-seas,oceans establishing,Goal 14: Life Below Water,14
92, pagination page next page next second un ocean conference lisbon the ocean covers percent of the earth s surface is the planet s largest biosphere and is home to up to percent of all life in the world,https://sdgs.un.org/topics/oceans-and-seas,largest biosphere,Goal 14: Life Below Water,14
93, it generates percent of the oxygen we need absorbs percent of all carbon dioxide emissions and captures percent of the additional heat generated from those emissions,https://sdgs.un.org/topics/oceans-and-seas,generated emissions,Goal 14: Life Below Water,14
94, it is not just the lungs of the planet but also its largest carbon sink a vital buffer against the impacts of climate change,https://sdgs.un.org/topics/oceans-and-seas,lungs planet,Goal 14: Life Below Water,14
95, it nurtures unimaginable biodiversity and produces food jobs mineral and energy resources needed for life on the planet to survive and thrive,https://sdgs.un.org/topics/oceans-and-seas,biodiversity produces,Goal 14: Life Below Water,14
96, there is a great deal we still do not know about the ocean but there are many reasons why we need to manage it sustainably as set out in the targets of sustainable development goal life below water,https://sdgs.un.org/topics/oceans-and-seas,ocean reasons,Goal 14: Life Below Water,14
97, the science is clear the ocean is facing unprecedented threats as a result of human activities,https://sdgs.un.org/topics/oceans-and-seas,ocean,Goal 14: Life Below Water,14
98, its health and ability to sustain life will only get worse as the world population grows and human activities increase,https://sdgs.un.org/topics/oceans-and-seas,sustain life,Goal 14: Life Below Water,14
99, if we want to address some of the most defining issues of our time such as climate change food insecurity diseases and pandemics diminishing biodiversity economic inequality and even conflicts and strife we must act now to protect the state of our ocean,https://sdgs.un.org/topics/oceans-and-seas,state ocean,Goal 14: Life Below Water,14
100, first un ocean conference new york our oceans our future partnering for the implementation of sustainable development goal the high level united nations conference to support the implementation of sustainable development goal conserve and sustainably use the oceans seas and marine resources for sustainable development informally the ocean conference was convened at united nations headquarters in new york from to june coinciding with world oceans day to support the implementation of sustainable development goal ,https://sdgs.un.org/topics/oceans-and-seas,ocean conference,Goal 14: Life Below Water,14
101, the governments of fiji and sweden held the co hosting responsibilities of the conference,https://sdgs.un.org/topics/oceans-and-seas,governments fiji,Goal 14: Life Below Water,14
102, special envoy for the ocean click here to learn about the latest activities of peter thomson special envoy for the ocean,https://sdgs.un.org/topics/oceans-and-seas,envoy ocean,Goal 14: Life Below Water,14
103,special envoy for the ocean click here to learn about the latest activities of peter thomson special envoy for the ocean background at the high level united nations conference to support the implementation of sustainable development goal sdg the ocean conference held in june at un headquarters in new york close to voluntary commitments for concrete action to advance implementation of sdg were made by governments the united nations system civil society organizations academia the scientific community and the private sector,https://sdgs.un.org/topics/oceans-and-seas,ocean conference,Goal 14: Life Below Water,14
104, these commitments together with the conference outcome document our ocean our future call for action mark a global breakthrough on the path to sustainable management and conservation of our oceans seas and marine resources,https://sdgs.un.org/topics/oceans-and-seas,ocean future,Goal 14: Life Below Water,14
105, each of the ocean conference voluntary commitments addresses one or several of the sdg targets often with associated positive impacts on other sdgs including for example sdg on good health and well being and sdg on climate action among others,https://sdgs.un.org/topics/oceans-and-seas,impacts sdgs,Goal 14: Life Below Water,14
106, to follow up on the implementation of these voluntary commitments to catalyze and generate new voluntary commitments and to facilitate collaboration and networking amongst different actors in support of sdg the united nations has launched nine thematic multi stakeholder communities of ocean action,https://sdgs.un.org/topics/oceans-and-seas,stakeholder communities,Goal 14: Life Below Water,14
107, each community is coordinated by designated focal points who work together with united nations secretary general s special envoy for the ocean ambassador peter thomson and the un department of economic and social affairs in carrying out the activities,https://sdgs.un.org/topics/oceans-and-seas,united nations,Goal 14: Life Below Water,14
108,org topics oceans and seas coas events see all events jul expert group meetings for hlpf thematic review mon wed jul related goals jun unoc tenth plenary meeting and closing of the conference fri fri jun related goals jun unoc ninth plenary meeting fri fri jun related goals jun ocean action panel promoting the role of sustainable food from the ocean for poverty eradication and food security fri fri jun related goals news see all news jan video ocean building a sustainable blue economy the ocean connects all of us,https://sdgs.un.org/topics/oceans-and-seas,ocean poverty,Goal 14: Life Below Water,14
109, it provides transport for of global trade is the backbone of the internet and creates jobs for more than billion people,https://sdgs.un.org/topics/oceans-and-seas,global trade,Goal 14: Life Below Water,14
110, the launch of the ocean agenda under the g presidency of indonesia provides a platform for collective action on generating a sustainable related goals nov save the date cop side event ocean funding egypt november for more information on the event see link here nbsp bit,https://sdgs.un.org/topics/oceans-and-seas,ocean funding,Goal 14: Life Below Water,14
111,ly ntap w related goals jun unfccc sbsta ocean and climate change dialogue mr chairman excellencies ladies and gentlemen,https://sdgs.un.org/topics/oceans-and-seas,ocean climate,Goal 14: Life Below Water,14
0,small island developing states department of economic and social affairs sorry you need to enable javascript to visit this website,https://sdgs.un.org/topics/small-island-developing-states,island developing,Goal 14: Life Below Water,14
1, skip to main content welcome to the united nations englishfran ais espa ol department of economic and social affairs sustainable development main navigation home sdg knowledge sustainable development goals key topics agenda capacity development publications natural resources forum intergovernmental processes high level political forum on sustainable development un conferences and high level events related to sustainable development multi stakeholder forum on science technology and innovation for the sdgs second committee of the un general assembly samoa pathway ecosoc partnership forum hlpf sids th international conference on small island developing states small island developing states multidimensional vulnerability index for sids united nations sids partnerships awards sids partnership framework sdg actions sdg actions platform faq about the submission of voluntary commitments sdg actions engage events webinars member states un system stakeholder engagement news about topics small island developing states related sdgs end hunger achieve food security and improve ,https://sdgs.un.org/topics/small-island-developing-states,sustainable development,Goal 14: Life Below Water,14
2, achieve gender equality and empower all women ,https://sdgs.un.org/topics/small-island-developing-states,empower women,Goal 14: Life Below Water,14
3, ensure access to affordable reliable sustai ,https://sdgs.un.org/topics/small-island-developing-states,reliable sustai,Goal 14: Life Below Water,14
4, take urgent action to combat climate change a ,https://sdgs.un.org/topics/small-island-developing-states,climate change,Goal 14: Life Below Water,14
5, conserve and sustainably use the oceans seas ,https://sdgs.un.org/topics/small-island-developing-states,use oceans,Goal 14: Life Below Water,14
6, protect restore and promote sustainable use ,https://sdgs.un.org/topics/small-island-developing-states,sustainable use,Goal 14: Life Below Water,14
7, strengthen the means of implementation and re ,https://sdgs.un.org/topics/small-island-developing-states,means implementation,Goal 14: Life Below Water,14
8, description publications events documents statements milestones samoa pathway list of sids mvi newsletter iacg sg reports sg reports sg reports sg reports sg reports the antigua and barbuda agenda for sids abas m and e framework description,https://sdgs.un.org/topics/small-island-developing-states,sids abas,Goal 14: Life Below Water,14
9,sg reports sg reports sg reports sg reports the antigua and barbuda agenda for sids abas m and e framework description the barbados programme of action bpoa adopted in further complemented by the mauritius strategy of implementation msi of and msi outcome document recognized that although they are afflicted by economic difficulties and confronted by development imperatives similar to those of developing countries generally small island developing states sids have their own peculiar vulnerabilities and characteristics,https://sdgs.un.org/topics/small-island-developing-states,barbados programme,Goal 14: Life Below Water,14
10, sids unique and particular vulnerabilities are highlighted in the future we want adopted at the united nations conference on sustainable development also known as rio that took place in rio de janeiro brazil in june their small size remoteness narrow resource and export base and exposure to global environmental challenges and external economic shocks including to a large range of impacts from climate change and potentially more frequent and intense natural disasters para ,https://sdgs.un.org/topics/small-island-developing-states,sids,Goal 14: Life Below Water,14
11, sids continue to address those structural and external challenges to achieve their sustainable development,https://sdgs.un.org/topics/small-island-developing-states,sids continue,Goal 14: Life Below Water,14
12,the third international conference on sids was held in apia samoa in september with the overarching theme of the sustainable development of small island developing states through genuine and durable partnerships ,https://sdgs.un.org/topics/small-island-developing-states,conference sids,Goal 14: Life Below Water,14
13, nearly partnerships were announced at the conference and monitored through the partnership platform,https://sdgs.un.org/topics/small-island-developing-states,partnerships announced,Goal 14: Life Below Water,14
14, the sids accelerated modalities of action samoa pathway samoa pathway adopted at the conference addresses priority areas for sids and calls for urgent actions and support for sids efforts to achieve their sustainable development,https://sdgs.un.org/topics/small-island-developing-states,sids efforts,Goal 14: Life Below Water,14
15,the fourth international conference on small island developing states sids was held from to may in st john s antigua and barbuda,https://sdgs.un.org/topics/small-island-developing-states,antigua,Goal 14: Life Below Water,14
16, under the overarching theme of charting the course toward resilient prosperity the conference aimed at assessing the ability of sids to achieve sustainable development including the agenda and its sustainable development goals,https://sdgs.un.org/topics/small-island-developing-states,sids achieve,Goal 14: Life Below Water,14
17, it resulted in an intergovernmentally agreed focused forward looking and action oriented political outcome document called antigua and barbuda agenda for sids,https://sdgs.un.org/topics/small-island-developing-states,barbuda agenda,Goal 14: Life Below Water,14
18, more on sids can be found here,https://sdgs.un.org/topics/small-island-developing-states,sids4,Goal 14: Life Below Water,14
19,un desa leads inter agency coordination within the united nations system through the executive committee of economic and social affairs plus ecesa plus and among un and non un entities active on sids issues through the inter agency consultative group iacg on sids to monitor the implementation of the bpoa msi and the samoa pathway as well as the progress being made in the sids partnerships,https://sdgs.un.org/topics/small-island-developing-states,sids partnerships,Goal 14: Life Below Water,14
20, moreover un desa and particularly the sids unit provides technical assistance and advice supports intergovernmental processes and reports on progress made in the implementation of the bpoa msi and the samoa pathway,https://sdgs.un.org/topics/small-island-developing-states,sids unit,Goal 14: Life Below Water,14
21,publications small islands genuine partnerships guidance to genuine partnering in small island developing states over the past two decades as the field of multi stakeholder partnering has matured as a professional discipline and field of practice certain success factors have emerged regardless of context,https://sdgs.un.org/topics/small-island-developing-states,stakeholder partnering,Goal 14: Life Below Water,14
22, in the sdg partnership guidebook these factors are referred to as building blocks ,https://sdgs.un.org/topics/small-island-developing-states,sdg partnership,Goal 14: Life Below Water,14
23, read the document samoa partnership landscape assessment since a global resurgence of measles cases has been affecting all regions of the world,https://sdgs.un.org/topics/small-island-developing-states,measles cases,Goal 14: Life Below Water,14
24, in global immunization surveys coverage for the second dose of measles containing vaccine mcv was with significant variability between regions,https://sdgs.un.org/topics/small-island-developing-states,vaccine mcv2,Goal 14: Life Below Water,14
25, in the asia pacific region outbreaks and clusters of,https://sdgs.un.org/topics/small-island-developing-states,region outbreaks,Goal 14: Life Below Water,14
26, read the document maldives partnership landscape assessment achieving the agenda for sustainable development including its sustainable development goals sdgs require a whole of government and whole of society approach to ensure that no one is left behind a central promise of the agenda for sustainable development,https://sdgs.un.org/topics/small-island-developing-states,sustainable development,Goal 14: Life Below Water,14
27, read the document partnerships on small island developing states it has now been two years since the conclusion of the third international conference on small island developing states its groundbreaking outcome document the samoa pathway and the announcement of over partnerships devoted to the sustainable development of sids and the implementation of the sa,https://sdgs.un.org/topics/small-island-developing-states,partnerships small,Goal 14: Life Below Water,14
28, read the document partnerships for sdgs special report the achievement of the agenda for sustainable development and the sustainable development goals will require all hands on deck,https://sdgs.un.org/topics/small-island-developing-states,partnerships sdgs,Goal 14: Life Below Water,14
29, it will require different sectors and actors working together in an integrated manner by pooling financial resources knowledge and expertise,https://sdgs.un.org/topics/small-island-developing-states,sectors actors,Goal 14: Life Below Water,14
30, read the document climate forecasting for small island nations managing risks maximizing opportunities small island developing states sids are often affected by weather extremes and climate change including the increased severity of cyclones storm surges heavy rains droughts sea level rise and ocean acidification,https://sdgs.un.org/topics/small-island-developing-states,climate forecasting,Goal 14: Life Below Water,14
31, read the document call for global action partnerships for small island developing states the third international conference on small island developing states sids conference was held from to september in apia samoa,https://sdgs.un.org/topics/small-island-developing-states,island developing,Goal 14: Life Below Water,14
32, around small island developing states sids partnerships were announced towards and during the conference,https://sdgs.un.org/topics/small-island-developing-states,sids partnerships,Goal 14: Life Below Water,14
33, as a direct follow up to sids conference the ,https://sdgs.un.org/topics/small-island-developing-states,sids conference,Goal 14: Life Below Water,14
34, read the document the oceans economy opportunities and challenges for small island developing states the fact that oceans and seas as well as rivers waterways and estuaries matter for sustainable de velopment is undeniable,https://sdgs.un.org/topics/small-island-developing-states,oceans economy,Goal 14: Life Below Water,14
35, two thirds of the earth s surface is covered by water,https://sdgs.un.org/topics/small-island-developing-states,earth surface,Goal 14: Life Below Water,14
36, the oceans are widely accepted as the incubator of all life forms,https://sdgs.un.org/topics/small-island-developing-states,oceans1 widely,Goal 14: Life Below Water,14
37, they are a fundamental yet delicate part of the ear,https://sdgs.un.org/topics/small-island-developing-states,delicate ear,Goal 14: Life Below Water,14
38,closing the distance partnerships for sustainable and resilient transport systems in sids by their very nature small island developing states sids are heavily dependent on transport for access trade and mobility,https://sdgs.un.org/topics/small-island-developing-states,transport access,Goal 14: Life Below Water,14
39, maritime transport in particular is the lifeline sustaining the survival of sids given their size geography economic structure and high dependence on maritime transport ,https://sdgs.un.org/topics/small-island-developing-states,maritime transport,Goal 14: Life Below Water,14
40, read the document natural resources management and the environment in small island developing states sids the first united nations conference on environment and development held in rio de janeiro in also known as the earth summit acknowledged that sids are a special case for sustainable development given their unique and particular vulnerabilities ,https://sdgs.un.org/topics/small-island-developing-states,sustainable development,Goal 14: Life Below Water,14
41, this gave rise to the first international con,https://sdgs.un.org/topics/small-island-developing-states,international,Goal 14: Life Below Water,14
42, read the document fao activities in small island developing states fao has a long history of partnership with small island developing states sids providing policy advice analysis and technical assistance in agriculture livestock fisheries forestry natural resources management and food security in its commitment to support resilient livelihoods and enhance f,https://sdgs.un.org/topics/small-island-developing-states,states fao,Goal 14: Life Below Water,14
43, read the document food security and nutrition in small island developing states sids the outcome document of rio the future we want united nations conference on sustainable development june acknowledged that sids remains a special case for sustainable development,https://sdgs.un.org/topics/small-island-developing-states,sustainable development,Goal 14: Life Below Water,14
44, building on the barbados programme of action and the mauritius strategy the document calls for the conv,https://sdgs.un.org/topics/small-island-developing-states,mauritius strategy,Goal 14: Life Below Water,14
45, read the document pagination next page last last page events see all events jun tue leveraging partnerships to advance ocean based economies in small island developing states permanent missions of the republic of maldives and the republic of latvia as the co chairs of steering committee on partnerships for sids undesa and un ohrlls will organize a side event at the un ocean conference on leveraging partnerships to advance ocean based economies in small island devel blue zone room un ocean conference nice france jun mon fri un ocean conference our ocean our future our responsibility the ocean is fundamental to life on our planet and to our future,https://sdgs.un.org/topics/small-island-developing-states,ocean future,Goal 14: Life Below Water,14
46, the ocean is an important source of the planet s biodiversity and plays a vital role in the climate system and water cycle,https://sdgs.un.org/topics/small-island-developing-states,ocean important,Goal 14: Life Below Water,14
47, the ocean provides a range of ecosystem services supplies us with nice france may fri ambassadorial meeting of the steering committee on partnerships for small island developing states sids the co chairs of the steering committee on partnerships for small island developing states sids h,https://sdgs.un.org/topics/small-island-developing-states,ecosystem services,Goal 14: Life Below Water,14
48, ali naseer mohamed permanent representative of the maldives to the unitednations and h,https://sdgs.un.org/topics/small-island-developing-states,representative maldives,Goal 14: Life Below Water,14
49, sanita pav uta deslandes permanent representative of latvia to the unitednations will convene th conference room unhq new york may,https://sdgs.un.org/topics/small-island-developing-states,representative latvia,Goal 14: Life Below Water,14
50,conference room unhq new york may mon tue sids civil society engagement forum on may the small island developing states sids civil society engagement forum nbsp will be held at united nations headquarters in new york,https://sdgs.un.org/topics/small-island-developing-states,sids civil,Goal 14: Life Below Water,14
51, organized by un desa in collaboration with the governments of the maldives and latvia the co chairs of the steering committee on partnerships fo unhq new york may mon tue webinars on the un sids partnerships awards the un sids partnerships awards secretariat convened a series of webinars to brief stakeholders about the awards covering key details such as the background eligibility criteria and application process,https://sdgs.un.org/topics/small-island-developing-states,partnerships awards,Goal 14: Life Below Water,14
52, nbsp the webinars also featured past award winners who shared insights on why their part webinar mar thu expert meeting of the steering committee on partnerships for small island developing states expert level meeting of the steering committee on partnerships for sidsdate thursday th of march time am to pmvenue conference room paragraph of the antigua and barbuda agenda for sids a renewed declaration for resilient prosperity abas requests the united nations secret conference room un secretariat bldg new york dec mon tue strengthening the capacity of sids to meaningfully engage in intergovernmental negotiations on the outcome document for the fourth international conference on financing for development in its resolutions and the general assembly decided to convene a fourth international conference on financing for development ffd on june to july in sevilla spain,https://sdgs.un.org/topics/small-island-developing-states,partnerships sidsdate,Goal 14: Life Below Water,14
53, the conference will assess progress in the implementation of the financing for development outcomes and ad un secretariat bldg new york nov tue building a resilient future strengthening partnerships for climate finance in small island developing states co chairs of steering committtee on partnerships for sids permanent representatives of ireland and palau undesa and un ohrlls will organize a side event on building a resilient future strengthening partnerships for climate finance in small island developing state at sdg pavilion unfccc cop sdg pavilion unfccc cop baku azerbaijan oct tue from st john s to seville embedding a sids perspective in ffd multistakeholder hearing for the fourth international conference on financing for development from st john s to seville embedding a sids perspective in ffd tuesday october pm to pmvenue conference room introductionthe global landscape has shifted significantly since the im,https://sdgs.un.org/topics/small-island-developing-states,partnerships climate,Goal 14: Life Below Water,14
54,conference room un secretariat bldg new york jul wed global multi stakeholder small island developing states partnership dialogue the global multi stakeholder small island developing states sids partnership dialogue the global dialogue was held on wednesday july from am in trusteeship council chamber in unhq new york in the margins of the high level political forum on sustainable development hlpf ,https://sdgs.un.org/topics/small-island-developing-states,sids partnership,Goal 14: Life Below Water,14
55, nbsp trusteeship council chamber displaying of title type date unesco inputs sg report on samoa pathway other documents jul ifad inputs sg report on samoa pathway other documents jul draft final assessment report other documents jun iatf abas discussion paper selection of indicators other documents jun mvi advisory panel terms of reference other documents jun iatf abas discussion paper governance and institutional arrangements other documents jun draft final assessment report other documents jun iatf abas discussion paper selection of targets other documents jun unodc inputs sg report on samoa pathway other documents jun abas m e list of targets and indicators other documents jun iatf abas terms of reference outcome documents jun unido inputs sg report on samoa pathway other documents jun itc inputs sg report on samoa pathway other documents jun unops inputs sg report on samoa pathway other documents jun interpol inputs sg report on samoa pathway other documents jun pagination next next page last last page displaying of title category date sort ascending seychelles member states jul united nations economic commission for africa un system and igos jul singapore member states jul mauritius member states jul cabo verde member states jul maldives member states jul united nations high level panel on the multi dimensional vulnerability index un system and igos jul mr,https://sdgs.un.org/topics/small-island-developing-states,samoa pathway,Goal 14: Life Below Water,14
56, liu zhenmin under secretary general undesa opening remarks jul caribbean philanthropic alliance jul universities consortium of small island states jul ms,https://sdgs.un.org/topics/small-island-developing-states,liu zhenmin,Goal 14: Life Below Water,14
57, kate brown executive director global island partnership glipsa session jul ms,https://sdgs.un.org/topics/small-island-developing-states,kate brown,Goal 14: Life Below Water,14
58, gabriella cassola assistant director small states centre of excellence malta session jul ,https://sdgs.un.org/topics/small-island-developing-states,excellence malta,Goal 14: Life Below Water,14
59, kate brown executive director global island partnership glipsa session jul ms,https://sdgs.un.org/topics/small-island-developing-states,kate brown,Goal 14: Life Below Water,14
60, gabriella cassola assistant director small states centre of excellence malta session jul ms,https://sdgs.un.org/topics/small-island-developing-states,excellence malta,Goal 14: Life Below Water,14
61, donna lagdameo senior policy advisor undrr session jul h,https://sdgs.un.org/topics/small-island-developing-states,policy advisor,Goal 14: Life Below Water,14
62, mitchell fifield permanent representative of australia to the united session jul ms,https://sdgs.un.org/topics/small-island-developing-states,mitchell fifield,Goal 14: Life Below Water,14
63,heidi schroderus fox director ohrlls sids global business network session jul pagination next next page last last page milestones september samoa pathway high level midterm review the un general assembly unga at the th session in decided to convene at unhq in september a one day high level review of the progress made in addressing the priorities of small island developing states sids through the implementation of the sids accelerated modalities of action samoa pathway,https://sdgs.un.org/topics/small-island-developing-states,samoa pathway,Goal 14: Life Below Water,14
64, the unga also decided that the high level review will result in a concise action oriented and inter governmentally agreed political declaration ,https://sdgs.un.org/topics/small-island-developing-states,unga decided,Goal 14: Life Below Water,14
65, january establishment of sids partnership framework on december the nd committee adopted the draft resolution a c,https://sdgs.un.org/topics/small-island-developing-states,sids partnership,Goal 14: Life Below Water,14
66, which decided to establish the small island developing states partnership sids framework in accordance with paragraph of the samoa pathway,https://sdgs.un.org/topics/small-island-developing-states,partnership sids,Goal 14: Life Below Water,14
67, the sids partnership framework which is to monitor and ensure the full implementation sids partnerships is based on a set of recommendations which were prepared by dsd in close consultation with member states,https://sdgs.un.org/topics/small-island-developing-states,sids partnerships,Goal 14: Life Below Water,14
68, the sids partnership framework consists of steering committee open to all states members of the united nations or members of the specialized agencies chaired by one small island developing state and one state that is not a small island developing state to be appointed by the president of the general assembly,https://sdgs.un.org/topics/small-island-developing-states,sids partnership,Goal 14: Life Below Water,14
69, organization on an annual basis a global multi stakeholder sids partnership dialogue desa to finalize a standardized partnership reporting template and process of sids partnerships the sids partnership framework also encourages national and regional partnership dialogues to be organized through existing forums and meetings,https://sdgs.un.org/topics/small-island-developing-states,partnerships sids,Goal 14: Life Below Water,14
70,b aims to promote mechanisms for raising capacity for effective climate change related planning and management in least developed countries and small island developing states including focusing on women youth and local and marginalized communities ,https://sdgs.un.org/topics/small-island-developing-states,climate change,Goal 14: Life Below Water,14
71,a aims to increase scientific knowledge develop research capacity and transfer marine technology taking into account the intergovernmental oceanographic commission criteria and guidelines on the transfer of marine technology in order to improve ocean health and to enhance the contribution of marine biodiversity to the development of developing countries in particular small island developing states and least developed countries ,https://sdgs.un.org/topics/small-island-developing-states,marine technology,Goal 14: Life Below Water,14
72,b focuses on increase the economic benefits to small island developing states and least developed countries from the sustainable use of marine resources including through sustainable management of fisheries aquaculture and tourism by ,https://sdgs.un.org/topics/small-island-developing-states,island developing,Goal 14: Life Below Water,14
73, january samoa pathway the third international conference on small island developing states was held from to september in apia samoa,https://sdgs.un.org/topics/small-island-developing-states,samoa pathway,Goal 14: Life Below Water,14
74, the overarching theme of the conference was the sustainable development of small island developing states through genuine and durable partnerships ,https://sdgs.un.org/topics/small-island-developing-states,island developing,Goal 14: Life Below Water,14
75, the sids accelerated modalities of action samoa pathway samoa pathway adopted at the conference addresses priority areas for sids and calls for urgent actions and support for sids efforts to achieve their sustainable development,https://sdgs.un.org/topics/small-island-developing-states,sids efforts,Goal 14: Life Below Water,14
76, january future we want para paragraphs are devoted to sids,https://sdgs.un.org/topics/small-island-developing-states,devoted sids,Goal 14: Life Below Water,14
77, in particular in paragraph member states reiterate the condition of sids as a special case for sustainable development in view of their unique and particular vulnerabilities including their small size remoteness narrow resource and export base and exposure to global environmental challenges and external economic shocks including to a large range of impacts from climate change and potentially more frequent and intense natural disasters ,https://sdgs.un.org/topics/small-island-developing-states,condition sids,Goal 14: Life Below Water,14
78, member states also express their concerns on the fact that small island developing states have made less progress than most other groupings or even regressed in economic terms especially in terms of poverty reduction and debt sustainability ,https://sdgs.un.org/topics/small-island-developing-states,developing states,Goal 14: Life Below Water,14
79, therefore in paragraph member states reaffirm their commitment in providing assistance to small island developing states in implementing the barbados programme of action and the mauritius strategy as well as the need to strengthen the united nations system support to small island developing states ,https://sdgs.un.org/topics/small-island-developing-states,implementing barbados,Goal 14: Life Below Water,14
80, paragraph calls for the convening in of a third international conference on small island developing states recognizing the importance of coordinated balanced and integrated actions to address the sustainable development challenges facing small island developing states ,https://sdgs.un.org/topics/small-island-developing-states,island developing,Goal 14: Life Below Water,14
81, january msi the ga decided to conduct a year review of the mauritius strategy for the implementation of the barbados plan of action for the sustainable development of small island states during its th session and identified as priorities issues the strengthening of data management capacities for sids monitoring and evaluation the enhancement of strategic partnerships the assessment of the un system effectiveness in supporting sids the need for resulted oriented approaches and improvement of measures to effectively address sids s vulnerabilities and the possibility of recognizing sids as a special category within the un system,https://sdgs.un.org/topics/small-island-developing-states,supporting sids,Goal 14: Life Below Water,14
82, the outcome document of the high level review meeting on the implementation of the mauritius strategy for the further implementation of the programme of action for the sustainable development of small island developing states was published under a res ,https://sdgs.un.org/topics/small-island-developing-states,implementation mauritius,Goal 14: Life Below Water,14
83, january msi in the framework of the year review of the barbados programme of action the general assembly mandated by resolution a the organization of the high level mauritius international meeting,https://sdgs.un.org/topics/small-island-developing-states,barbados programme,Goal 14: Life Below Water,14
84,january msi in the framework of the year review of the barbados programme of action the general assembly mandated by resolution a the organization of the high level mauritius international meeting,https://sdgs.un.org/topics/small-island-developing-states,barbados programme,Goal 14: Life Below Water,14
85, held at the beginning of the meeting produced the mauritius strategy for the further implementation of the bpoi,https://sdgs.un.org/topics/small-island-developing-states,mauritius strategy,Goal 14: Life Below Water,14
86, aware of the challenges still faced by sids in the implementation of the programme especially limited financial resources and the reduction in the official development assistance the document listed a set of priorities areas,https://sdgs.un.org/topics/small-island-developing-states,sids implementation,Goal 14: Life Below Water,14
87, apart from the bpoa thematic areas the other were graduation from least developed country status trade sustainable production and consumption as called for by the jpoi health knowledge management and culture,https://sdgs.un.org/topics/small-island-developing-states,bpoa thematic,Goal 14: Life Below Water,14
88, the jpoi identifies sids as a special case both for environment and development,https://sdgs.un.org/topics/small-island-developing-states,identifies sids,Goal 14: Life Below Water,14
89, although they continue to take the lead in the path towards sustainable development in their countries they are increasingly constrained by the interplay of adverse factors ,https://sdgs.un.org/topics/small-island-developing-states,sustainable development,Goal 14: Life Below Water,14
90, therefore among the identified actions to be adopted there are acceleration of national and regional implementation of the jpoi with adequate financial resources implementation of further sustainable fisheries management and assistance to sids providing support for the implementation of their specific components for freshwater programmes reduction prevention and control of waste and pollution,https://sdgs.un.org/topics/small-island-developing-states,fisheries management,Goal 14: Life Below Water,14
91, other actions include the extension of assistance to sids in support of local communities in mobilizing adequate resources in supporting efforts on energy supply and services,https://sdgs.un.org/topics/small-island-developing-states,assistance sids,Goal 14: Life Below Water,14
92, january bpoa the state of progress and initiatives for the future implementation of the programme of action for the sustainable development of sids adopted by the th ga special session held in september aimed at reviewing and appraising the implementation of the bpoa and in this context highlighted six problem areas requiring urgent action,https://sdgs.un.org/topics/small-island-developing-states,development sids,Goal 14: Life Below Water,14
93, the identified areas were respectively climate change natural and environmental disasters and climate variability freshwater resources coastal and marine resources energy and tourism,https://sdgs.un.org/topics/small-island-developing-states,resources coastal,Goal 14: Life Below Water,14
94, the special session also focused on the strategies to be adopted for the bpoa implementation and in particular on resource mobilization and finance sustainable development strategies resource development capacity building globalization and trade liberalization transfer of environmentally sounded technology a vulnerability index information management through strengthening the sids network and international cooperation and partnership,https://sdgs.un.org/topics/small-island-developing-states,bpoa implementation,Goal 14: Life Below Water,14
95, january bpoa the bardados programme of action adopted during the global conference on the sustainable development of sids held in barbados in defines the priorities the cross sectoral areas as well as the actions and strategies to be undertaken at national regional and global level to ensure the sustainable development of sids,https://sdgs.un.org/topics/small-island-developing-states,development sids,Goal 14: Life Below Water,14
96,the priorities identified by the bpoa are the following climate change and sea level rise natural and environmental disasters management of wastes coastal and marine resources freshwater resources energy resources tourism resources biodiversity resources national institutions and administrative capacity regional institutions and technical cooperation transport and communication science and technology and human resource development,https://sdgs.un.org/topics/small-island-developing-states,14 priorities,Goal 14: Life Below Water,14
97, as cross sectoral areas the programme recognizes capacity building institutional development at the national regional and international levels cooperation in the transfer of environmentally sound technologies trade and economic diversification and finance,https://sdgs.un.org/topics/small-island-developing-states,areas programme,Goal 14: Life Below Water,14
98, pagination page next page next unga to conduct a high level review of the samoa pathway in samoa pathway high level midterm review inter regional meeting apia samoa un members atlantic indian ocean and south china sea ais cabo verdecomorosguinea bissaumaldivesmauritiussao tom and principeseychellessingapore caribbean antigua and barbudabahamasbarbadosbelizecubadominicadominican republicgrenadaguyanahaitijamaicasaint kitts and nevissaint luciasaint vincent and the grenadinessurinametrinidad and tobago pacific fijikiribatimarshall islandsmicronesia federated states of naurupalaupapua new guineasamoasolomon islandstimor lestetongatuvaluvanuatu non un members associate members of regional commissions american samoaanguillaarubabermudabritish virgin islandscayman islandscommonwealth of northern marianascook islandscuracaofrench polynesiaguadeloupeguammartiniquemontserratnew caledonianiuepuerto ricosint maartenturks and caicos islandsu,https://sdgs.un.org/topics/small-island-developing-states,samoa pathway,Goal 14: Life Below Water,14
99, virgin islands multidimensional vulnerability index for sids,https://sdgs.un.org/topics/small-island-developing-states,vulnerability index,Goal 14: Life Below Water,14
100,multidimensional vulnerability index for sids the need and call for the development of indices that adequately capture the special vulnerabilities of small island developing states sids has been around since the adoption of the agenda ,https://sdgs.un.org/topics/small-island-developing-states,vulnerability index,Goal 14: Life Below Water,14
101, the call was repeated in the barbados programme of action bpoa mentioned in the mauritius strategy and re echoed in the s,https://sdgs.un.org/topics/small-island-developing-states,mauritius strategy,Goal 14: Life Below Water,14
102,for the last decades a plethora of un general assembly resolutions also carried similar repeated calls the latest of which was in december paragraph a of resolution a res where the assembly calls on the un secretary general to provide recommendations as part of his report on the present resolution to the general assembly at its th session on the potential development and coordination of work within the un system on a multidimensional vulnerability index for small island developing states including on its potential finalization and use this mvi page carries and reflect the discussions and work towards the possible development and use of the multidimensional vulnerability index mvi ,https://sdgs.un.org/topics/small-island-developing-states,vulnerability index,Goal 14: Life Below Water,14
103, the cowrie sids times newsletter a newsletter on small island developing states prepared by united nations department of economic and social affairs with inputs from members of the inter agency consultative group iacg on sids,https://sdgs.un.org/topics/small-island-developing-states,island developing,Goal 14: Life Below Water,14
104,the cowrie st edition the cowrie edition covid recoverythe cowrie financing in sids the cowrie sids times magazinethe cowrie special edition aims regional preparatory meeting reportthe cowrie special edition pacific regional preparatory meeting reportthe cowrie special edition caribbean regional preparatory meeting reportsids times the cowrie june sids times the cowrie december sids times the cowrie september eclac caribbean s monthly newsletterthe hummingbird,https://sdgs.un.org/topics/small-island-developing-states,cowrie sids,Goal 14: Life Below Water,14
105,inter agency consultative group iacg on sidsthe iacg is an informal consultative mechanism at the working level in which the sids focal points of relevant un agencies as well as international and regional intergovernmental organizations igos come together to exchange views and information,https://sdgs.un.org/topics/small-island-developing-states,sidsthe iacg,Goal 14: Life Below Water,14
106, the sids focused and hybrid membership composed of the un and non un agencies make it an effective tool for maintaining the momentum created at the third international conference on sids in samoa and for keeping sids issues high on the international agenda,https://sdgs.un.org/topics/small-island-developing-states,sids samoa,Goal 14: Life Below Water,14
107, this group also explores ways and means to enhance coordinated and collaborative actions in support of sids in implementing the sids accelerated modalities of action samoa pathway samoa pathway based on their respective areas of expertise,https://sdgs.un.org/topics/small-island-developing-states,sids implementing,Goal 14: Life Below Water,14
108,sg report submissionsparagraph of resolution requested the secretary general to submit to the general assembly at its seventy sixth session a report on the follow up to and implementation of the samoa pathway including on progress made and continuing challenges faced and on the efforts to assist small island developing states to recover from the covid pandemic,https://sdgs.un.org/topics/small-island-developing-states,samoa pathway,Goal 14: Life Below Water,14
109, submissions received are as per below submission listed in alphabetical order ,https://sdgs.un.org/topics/small-island-developing-states,submission listed,Goal 14: Life Below Water,14
110,org documents austria sg report samoa pathway input the division for ocean affairs and the law of the sea of the united nations office of legal affairs doalos https sdgs,https://sdgs.un.org/topics/small-island-developing-states,samoa pathway,Goal 14: Life Below Water,14
111,org documents belgium input sg report samoa pathway economic commission for latin america and the caribbean eclac https sdgs,https://sdgs.un.org/topics/small-island-developing-states,samoa pathway,Goal 14: Life Below Water,14
112,org documents denmark input sg report samoa pathway economic and social commission for asia and the pacific escap https sdgs,https://sdgs.un.org/topics/small-island-developing-states,samoa pathway,Goal 14: Life Below Water,14
113,org documents france input sg report samoa pathway food and agriculture organization of the united nations fao https sdgs,https://sdgs.un.org/topics/small-island-developing-states,samoa pathway,Goal 14: Life Below Water,14
114,org documents itc inputs sg report samoa pathway united nations office of the high representative for the least developed countries landlocked developing countries and small island developing states ohrlls https sdgs,https://sdgs.un.org/topics/small-island-developing-states,samoa pathway,Goal 14: Life Below Water,14
115,org documents ohrlls inputs sg report samoa pathway united nations conference on trade and development unctad https sdgs,https://sdgs.un.org/topics/small-island-developing-states,samoa pathway,Goal 14: Life Below Water,14
116,org documents undp inputs sg report samoa pathway the united nations office for disaster risk reduction undrr https sdgs,https://sdgs.un.org/topics/small-island-developing-states,samoa pathway,Goal 14: Life Below Water,14
117,org documents unep inputs sg report samoa pathway the united nations educational scientific and cultural organization unesco https sdgs,https://sdgs.un.org/topics/small-island-developing-states,samoa pathway,Goal 14: Life Below Water,14
118,org documents unfpa inputs sg report samoa pathway united nations children s emergency fund unicef https sdgs,https://sdgs.un.org/topics/small-island-developing-states,fund unicef,Goal 14: Life Below Water,14
119,org documents unicef inputs sg report samoa pathway united nations industrial development organization unido https sdgs,https://sdgs.un.org/topics/small-island-developing-states,samoa pathway,Goal 14: Life Below Water,14
120,org documents unido inputs sg report samoa pathway united nations office on drugs and crime unodc https sdgs,https://sdgs.un.org/topics/small-island-developing-states,samoa pathway,Goal 14: Life Below Water,14
121,org documents unodc inputs sg report samoa pathway united nations office for project services unops https sdgs,https://sdgs.un.org/topics/small-island-developing-states,samoa pathway,Goal 14: Life Below Water,14
122,org documents organization summary compilation sg report samoa pathway samoa pathway indicatorspursuant to paragraph of resolution the secretariat conducted a study to identify the samoa pathway priority areas not covered by the sustainable development goals or the sendai framework for disaster risk reduction and if any to develop those targets and indicators,https://sdgs.un.org/topics/small-island-developing-states,samoa pathway,Goal 14: Life Below Water,14
123, development of a monitoring framework for the samoa pathway https sdgs,https://sdgs.un.org/topics/small-island-developing-states,samoa pathway,Goal 14: Life Below Water,14
124,org documents annex ii priority actions post policies allignment disaster risks funding landscapeunga resolution a res requested the secretary general to conduct in consultation with member states all relevant united nations system entities and other relevant stakeholders an examination of the disaster related funding and support environment with a view to the possible development of a targeted voluntary disaster fund mechanism or financial instrument coordinated with and complementary to existing mechanisms to assist small island developing states in managing disaster risk and building back better after disasters and to report thereon at the seventy sixth session of the general assembly,https://sdgs.un.org/topics/small-island-developing-states,disaster fund,Goal 14: Life Below Water,14
125,disaster risk financing for sids draft final report https sdgs,https://sdgs.un.org/topics/small-island-developing-states,financing sids,Goal 14: Life Below Water,14
126,sg report submissionsparagraph of resolution a res requests the secretary general to submit to the general assembly at its seventy seventh session a report on the follow up to and implementation of the samoa pathway including on progress made and continuing challenges faced on the implementation of the present resolution building on the discussions and outcomes of the high level meeting to review progress made in addressing the priorities of small island developing states through the implementation of the samoa pathway convened in september and on the efforts to assist small island developing states to recover from the covid pandemic,https://sdgs.un.org/topics/small-island-developing-states,implementation samoa,Goal 14: Life Below Water,14
127, submission received are as per below in alphabetical order ,https://sdgs.un.org/topics/small-island-developing-states,received alphabetical,Goal 14: Life Below Water,14
128,pdfthe division for ocean affairs and the law of the sea of the united nations office of legal affairs doalos https sdgs,https://sdgs.un.org/topics/small-island-developing-states,law sea,Goal 14: Life Below Water,14
129,pdfeconomic commission for latin america and the caribbean eclac https sdgs,https://sdgs.un.org/topics/small-island-developing-states,pdfeconomic commission,Goal 14: Life Below Water,14
130,pdfeconomic and social commission for asia and the pacific escap https sdgs,https://sdgs.un.org/topics/small-island-developing-states,commission asia,Goal 14: Life Below Water,14
131,pdf food and agriculture organization of the united nations fao https sdgs,https://sdgs.un.org/topics/small-island-developing-states,agriculture organization,Goal 14: Life Below Water,14
132,pdf united nations conference on trade and development unctad https sdgs,https://sdgs.un.org/topics/small-island-developing-states,trade development,Goal 14: Life Below Water,14
133,pdf the united nations educational scientific and cultural organization unesco https sdgs,https://sdgs.un.org/topics/small-island-developing-states,unesco,Goal 14: Life Below Water,14
134,pdf united nations human settlement programme un habitat https sdgs,https://sdgs.un.org/topics/small-island-developing-states,human settlement,Goal 14: Life Below Water,14
135,pdf united nations industrial development organization unido https sdgs,https://sdgs.un.org/topics/small-island-developing-states,organization unido,Goal 14: Life Below Water,14
136,pdf united nations office on drugs and crime unodc https sdgs,https://sdgs.un.org/topics/small-island-developing-states,crime unodc,Goal 14: Life Below Water,14
137,pdf the united nations office for disaster risk reduction undrr https sdgs,https://sdgs.un.org/topics/small-island-developing-states,disaster risk,Goal 14: Life Below Water,14
138,pdf united nations office of the high representative for the least developed countries landlocked developing countries and small island developing states ohrlls https sdgs,https://sdgs.un.org/topics/small-island-developing-states,nations office,Goal 14: Life Below Water,14
139,pdf united nations office for project services unops https sdgs,https://sdgs.un.org/topics/small-island-developing-states,nations office,Goal 14: Life Below Water,14
140,org documents part c qualitative assessment caribbean final eclac letter from pm of antigua and barbuda to host the th sids conference https sdgs,https://sdgs.un.org/topics/small-island-developing-states,assessment caribbean,Goal 14: Life Below Water,14
141,pdfthe interim report on mvi for sids july https sdgs,https://sdgs.un.org/topics/small-island-developing-states,mvi sids,Goal 14: Life Below Water,14
142,pdfsg report on the implementation of un general assembly resolution entitled towards the sustainable development of the caribbean sea for present and future generations https documents dds ny,https://sdgs.un.org/topics/small-island-developing-states,caribbean sea,Goal 14: Life Below Water,14
143,openelementsubmission received are as per below in alphabetical order ,https://sdgs.un.org/topics/small-island-developing-states,openelementsubmission received,Goal 14: Life Below Water,14
144,pdfeconomic commission for latin america and the caribbean eclac https sdgs,https://sdgs.un.org/topics/small-island-developing-states,pdfeconomic commission,Goal 14: Life Below Water,14
145,pdffood and agriculture organization of the united nations fao https sdgs,https://sdgs.un.org/topics/small-island-developing-states,pdffood agriculture,Goal 14: Life Below Water,14
146,pdf united nations conference on trade and development unctad https sdgs,https://sdgs.un.org/topics/small-island-developing-states,trade development,Goal 14: Life Below Water,14
147,pdf the united nations office for disaster risk reduction undrr https sdgs,https://sdgs.un.org/topics/small-island-developing-states,disaster risk,Goal 14: Life Below Water,14
148,pdf united nations industrial development organization unido https sdgs,https://sdgs.un.org/topics/small-island-developing-states,organization unido,Goal 14: Life Below Water,14
149,pdf united nations office on drugs and crime unodc https sdgs,https://sdgs.un.org/topics/small-island-developing-states,crime unodc,Goal 14: Life Below Water,14
150,paragraph of the general assembly resolution a res requested the secretary general to submit to the general assembly at its th session a report on the follow up to and implementation of the samoa pathway including on progress made and continuing challenges,https://sdgs.un.org/topics/small-island-developing-states,implementation samoa,Goal 14: Life Below Water,14
151, the secretariat requested member states un system organizations and entities and all stakeholders to provide information accordingly,https://sdgs.un.org/topics/small-island-developing-states,secretariat requested,Goal 14: Life Below Water,14
152, below are the responses received posted in their entirety,https://sdgs.un.org/topics/small-island-developing-states,responses received,Goal 14: Life Below Water,14
153, the secretariat conveys its upmost gratitude to all contributors and apologizes that due to strict word count restrictions not all information was reflected in the secretary general s report,https://sdgs.un.org/topics/small-island-developing-states,secretariat conveys,Goal 14: Life Below Water,14
154,submission received are as per below in alphabetical order ,https://sdgs.un.org/topics/small-island-developing-states,received alphabetical,Goal 14: Life Below Water,14
155,pdfunited nations economic commission for africa eca https sdgs,https://sdgs.un.org/topics/small-island-developing-states,commission africa,Goal 14: Life Below Water,14
156,pdfunited nations economic commission for latin america and the caribbean eclac https sdgs,https://sdgs.un.org/topics/small-island-developing-states,economic commission,Goal 14: Life Below Water,14
157,pdffood and agriculture organization of the united nations fao https sdgs,https://sdgs.un.org/topics/small-island-developing-states,pdffood agriculture,Goal 14: Life Below Water,14
158,pdfoffice of the united nations high commissioner for human rightshttps sdgs,https://sdgs.un.org/topics/small-island-developing-states,human rightshttps,Goal 14: Life Below Water,14
159,pdfunited nations office for disaster risk reductionhttps sdgs,https://sdgs.un.org/topics/small-island-developing-states,disaster risk,Goal 14: Life Below Water,14
160,pdfunited nations conference on trade and developmenthttps sdgs,https://sdgs.un.org/topics/small-island-developing-states,trade developmenthttps,Goal 14: Life Below Water,14
161,pdf united nations framework convention on climate changehttps sdgs,https://sdgs.un.org/topics/small-island-developing-states,climate changehttps,Goal 14: Life Below Water,14
162,pdf united nations office on drugs and crimehttps sdgs,https://sdgs.un.org/topics/small-island-developing-states,drugs crimehttps,Goal 14: Life Below Water,14
163,pdf united nations office of the high representative for the least developed countries landlocked developing countries and small island developing stateshttps sdgs,https://sdgs.un.org/topics/small-island-developing-states,nations office,Goal 14: Life Below Water,14
164,pdf united nations office for project serviceshttps sdgs,https://sdgs.un.org/topics/small-island-developing-states,project serviceshttps,Goal 14: Life Below Water,14
165,sg report on the follow up to and implementation of the samoa pathway https sdgs,https://sdgs.un.org/topics/small-island-developing-states,samoa pathway,Goal 14: Life Below Water,14
166,org documents sg report samoa pathway sg report submissions submissions received are as per below in alphabetical order member states inputs un organizations inputs kenyahttps sdgs,https://sdgs.un.org/topics/small-island-developing-states,samoa pathway,Goal 14: Life Below Water,14
167,pdfthe division for ocean affairs and the law of the sea of the united nations office of legal affairs doalos https sdgs,https://sdgs.un.org/topics/small-island-developing-states,law sea,Goal 14: Life Below Water,14
168,pdfunited nations economic commission for latin america and the caribbean eclac https sdgs,https://sdgs.un.org/topics/small-island-developing-states,economic commission,Goal 14: Life Below Water,14
169,pdffood and agriculture organization of the united nations fao https sdgs,https://sdgs.un.org/topics/small-island-developing-states,pdffood agriculture,Goal 14: Life Below Water,14
170,pdf the office of the high commissioner for human rights ohchr https sdgs,https://sdgs.un.org/topics/small-island-developing-states,human rights,Goal 14: Life Below Water,14
171,pdf united nations office of the high representative for the least developed countries landlocked developing countries and small island developing states un ohrlls https sdgs,https://sdgs.un.org/topics/small-island-developing-states,nations office,Goal 14: Life Below Water,14
172,pdf united nations conference on trade and development unctad https sdgs,https://sdgs.un.org/topics/small-island-developing-states,trade development,Goal 14: Life Below Water,14
173,org documents unctad inputs sg report samoa pathway the united nations educational scientific and cultural organization unesco https sdgs,https://sdgs.un.org/topics/small-island-developing-states,samoa pathway,Goal 14: Life Below Water,14
174,pdf united nations framework convention on climate change unfccc https sdgs,https://sdgs.un.org/topics/small-island-developing-states,change unfccc,Goal 14: Life Below Water,14
175,pdf united nations office on drugs and crime unodc https sdgs,https://sdgs.un.org/topics/small-island-developing-states,crime unodc,Goal 14: Life Below Water,14
176,pdf united nations office for south south cooperation unossc https sdgs,https://sdgs.un.org/topics/small-island-developing-states,south cooperation,Goal 14: Life Below Water,14
177,pdf sg report on the implementation of un general assembly resolution entitled towards the sustainable development of the caribbean sea for present and future generations https sdgs,https://sdgs.un.org/topics/small-island-developing-states,caribbean sea,Goal 14: Life Below Water,14
178,org documents s g report caribbean sea submissions received are as per below in alphabetical order member states inputsun organizations inputschinahttps sdgs,https://sdgs.un.org/topics/small-island-developing-states,report caribbean,Goal 14: Life Below Water,14
179,pdffood and agriculture organization of the united nations fao https sdgs,https://sdgs.un.org/topics/small-island-developing-states,pdffood agriculture,Goal 14: Life Below Water,14
180,pdfthe division for ocean affairs and the law of the sea of the united nations office of legal affairs doalos https sdgs,https://sdgs.un.org/topics/small-island-developing-states,law sea,Goal 14: Life Below Water,14
181,pdf united nations office for disaster risk reduction undrr https sdgs,https://sdgs.un.org/topics/small-island-developing-states,disaster risk,Goal 14: Life Below Water,14
182,pdf the united nations educational scientific and cultural organization unesco https sdgs,https://sdgs.un.org/topics/small-island-developing-states,unesco,Goal 14: Life Below Water,14
183,pdf united nations industrial development organization unido https sdgs,https://sdgs.un.org/topics/small-island-developing-states,organization unido,Goal 14: Life Below Water,14
184,pdf united nations world food programme wfp https sdgs,https://sdgs.un.org/topics/small-island-developing-states,food programme,Goal 14: Life Below Water,14
185,sg report on the follow up to and implementation of the antigua and barbuda agenda for small island developing states a renewed declaration for resilient prosperity coming here soonsg report submissions submissions received are as per below in aphabetical order member statesinputsun organizationsinputscubahttps sdgs,https://sdgs.un.org/topics/small-island-developing-states,implementation antigua,Goal 14: Life Below Water,14
186,pdfthe division for ocean affairs and the law of the sea of the united nations office of legal affairs doalos https sdgs,https://sdgs.un.org/topics/small-island-developing-states,law sea,Goal 14: Life Below Water,14
187,pdfunited nations economic commission for latin america and the caribbean eclac https sdgs,https://sdgs.un.org/topics/small-island-developing-states,economic commission,Goal 14: Life Below Water,14
188,pdfunited nations economic and social commission for asia and the pacific escap https sdgs,https://sdgs.un.org/topics/small-island-developing-states,commission asia,Goal 14: Life Below Water,14
189,pdf food and agriculture organization of the united nations fao https sdgs,https://sdgs.un.org/topics/small-island-developing-states,agriculture organization,Goal 14: Life Below Water,14
190,pdf international fund for agricultural development ifad https sdgs,https://sdgs.un.org/topics/small-island-developing-states,fund agricultural,Goal 14: Life Below Water,14
191,pdf the international criminal police organization interpol https sdgs,https://sdgs.un.org/topics/small-island-developing-states,international criminal,Goal 14: Life Below Water,14
192,pdf the office of the high commissioner for human rights ohchr https sdgs,https://sdgs.un.org/topics/small-island-developing-states,human rights,Goal 14: Life Below Water,14
193,pdf united nations office on drugs and crime unodc https sdgs,https://sdgs.un.org/topics/small-island-developing-states,crime unodc,Goal 14: Life Below Water,14
194,pdf united nations office of the high representative for the least developed countries landlocked developing countries and small island developing states un ohrlls https sdgs,https://sdgs.un.org/topics/small-island-developing-states,nations office,Goal 14: Life Below Water,14
195,pdf united nations conference on trade and development unctad https sdgs,https://sdgs.un.org/topics/small-island-developing-states,trade development,Goal 14: Life Below Water,14
196,pdf united nations framework convention on climate change unfccc https sdgs,https://sdgs.un.org/topics/small-island-developing-states,change unfccc,Goal 14: Life Below Water,14
197,pdf united nations educational scientific and cultural organization unesco https sdgs,https://sdgs.un.org/topics/small-island-developing-states,unesco,Goal 14: Life Below Water,14
198,pdf united nations industrial development organization unido https sdgs,https://sdgs.un.org/topics/small-island-developing-states,organization unido,Goal 14: Life Below Water,14
199,pdf united nations office for disaster risk reduction undrr https sdgs,https://sdgs.un.org/topics/small-island-developing-states,disaster risk,Goal 14: Life Below Water,14
200,pdf united nations office on drugs and crime unodc https sdgs,https://sdgs.un.org/topics/small-island-developing-states,crime unodc,Goal 14: Life Below Water,14
201,pdf united nations office for project services unops https sdgs,https://sdgs.un.org/topics/small-island-developing-states,nations office,Goal 14: Life Below Water,14
202,the antigua and barbuda agenda for small island developing states a renewed declaration for resilient prosperity a res i,https://sdgs.un.org/topics/small-island-developing-states,antigua barbuda,Goal 14: Life Below Water,14
203, in at the united nations conference on environment and development we the international community formally declared small island developing states a special case both for environment and development and committed to assist them in meeting their sustainable development objectives,https://sdgs.un.org/topics/small-island-developing-states,island developing,Goal 14: Life Below Water,14
204, this was further promulgated in the first decennial united nations conference on small island developing states in barbados in and was subsequently reiterated at the second conference in mauritius in and the third conference in samoa in ,https://sdgs.un.org/topics/small-island-developing-states,conference mauritius,Goal 14: Life Below Water,14
205, after three decades and three programmes of action small island developing states remain a special case for sustainable development given their unique vulnerabilities,https://sdgs.un.org/topics/small-island-developing-states,island developing,Goal 14: Life Below Water,14
206, we note the remarkable successes and progress that they have made over the years and welcome in this regard the ownership leadership and considerable efforts that have been demonstrated by small island developing states along with the support provided by the international community,https://sdgs.un.org/topics/small-island-developing-states,island developing,Goal 14: Life Below Water,14
207, during this period small island developing states have and continue to provide stable and democratic governance for their citizenry and have strived to provide productive economies and safe societies throughout unrelenting turbulent global times,https://sdgs.un.org/topics/small-island-developing-states,island developing,Goal 14: Life Below Water,14
208, small island developing states were heavily affected by two once in a generation crises that struck in and while grappling with even more intense and frequent disasters and natural hazards,https://sdgs.un.org/topics/small-island-developing-states,generation crises,Goal 14: Life Below Water,14
209, in addition they have assumed leadership roles in areas such as finance climate change and plastics and are stewards of the ocean including managing ,https://sdgs.un.org/topics/small-island-developing-states,leadership roles,Goal 14: Life Below Water,14
210, per cent of the world s exclusive economic zones and the resources they hold,https://sdgs.un.org/topics/small-island-developing-states,economic zones,Goal 14: Life Below Water,14
211, small island developing states have paved the way for many of the most progressive movements in these areas in policy development and the establishment of concrete actions in the multilateral arena,https://sdgs.un.org/topics/small-island-developing-states,progressive movements,Goal 14: Life Below Water,14
212, we remain concerned that small island developing states are facing the unrelenting and compounding impacts of climate change biodiversity loss pollution disasters and natural hazards health and other social related challenges and economic vulnerabilities as well as the progressive deterioration in their ability to withstand external shocks and enhance their resilience,https://sdgs.un.org/topics/small-island-developing-states,island developing,Goal 14: Life Below Water,14
213, successive global crises along with the coronavirus disease covid pandemic have further exacerbated and negatively compounded the sustainable development of small island developing states,https://sdgs.un.org/topics/small-island-developing-states,crises coronavirus,Goal 14: Life Below Water,14
214, small island developing states are inherently and uniquely vulnerable to exogenous shocks owing to inter alia their small size geographical remoteness highly dispersed populations the limited scale and undiversified nature of their economies high dependence on external markets and extreme exposure to disasters and natural hazards and the effects of climate change,https://sdgs.un.org/topics/small-island-developing-states,island developing,Goal 14: Life Below Water,14
215, recognizing vulnerability does not mean that small island developing states exhibit weakness or lack potential for development,https://sdgs.un.org/topics/small-island-developing-states,island developing,Goal 14: Life Below Water,14
216, rather it means recognizing that they are disproportionately impacted in terms of physical destruction and non economic and economic losses to a far greater scale than elsewhere,https://sdgs.un.org/topics/small-island-developing-states,disproportionately impacted,Goal 14: Life Below Water,14
217, small island developing states are particularly vulnerable to adverse impacts of climate change including inter alia erratic precipitation increasingly frequent and extreme weather phenomena more frequent and severe tropical cyclones floods and drought diminishing freshwater resources desertification coastal erosion land degradation and sea level rise which represent the gravest of threats to the survival and viability of their people natural ecosystems and overall sustainable development,https://sdgs.un.org/topics/small-island-developing-states,impacts climate,Goal 14: Life Below Water,14
218, we take note of the concerns expressed by small island developing states that the impacts of climate change could have possible implications on small island developing states including humanitarian economic social cultural ecological and as exacerbated by other factors security consequences,https://sdgs.un.org/topics/small-island-developing-states,island developing,Goal 14: Life Below Water,14
219, in order for small island developing states to achieve sustainable development and resilient prosperity we must assist small island developing states to diversify their economies and strengthen state and productive capacities,https://sdgs.un.org/topics/small-island-developing-states,island developing,Goal 14: Life Below Water,14
220, at the same time the international financial architecture should go further to fully address the unique development circumstances of small island developing states and make accessing concessional finance easier for them which could mitigate their fiscal constraints and reduce the risk of indebtedness especially for highly indebted small island developing states and prevent the reversal of hard earned development gains,https://sdgs.un.org/topics/small-island-developing-states,island developing,Goal 14: Life Below Water,14
221, therefore the special case of small island developing states must continue to be recognized by the international community and must take into account these new and emerging challenges,https://sdgs.un.org/topics/small-island-developing-states,island developing,Goal 14: Life Below Water,14
222, we recognize small island developing states need for access to affordable reliable sustainable and modern energy particularly renewable energy,https://sdgs.un.org/topics/small-island-developing-states,island developing,Goal 14: Life Below Water,14
223, small island developing states are facing significant barriers related to accessing finance cost of capital market readiness and upskilling and reskilling workforces needed for just inclusive and resilient energy transitions,https://sdgs.un.org/topics/small-island-developing-states,island developing,Goal 14: Life Below Water,14
224, we reaffirm the importance of freedom peace and security respect for all human rights including the right to development and the right to an adequate standard of living including the right to food the rule of law gender equality women s empowerment reducing inequalities and the overall commitment to just and democratic societies for development,https://sdgs.un.org/topics/small-island-developing-states,freedom peace,Goal 14: Life Below Water,14
225, we recognize that gender equality and women s empowerment and the full realization of human rights for women and girls have a transformative and multiplier effect on sustainable development and are a driver of economic growth in small island developing states,https://sdgs.un.org/topics/small-island-developing-states,gender equality,Goal 14: Life Below Water,14
226, women can be powerful agents of change,https://sdgs.un.org/topics/small-island-developing-states,women powerful,Goal 14: Life Below Water,14
227, small island developing states aspire to a resilient form of prosperity that is reflected in sustainable development for all in their countries where economic growth and well being are sustained and their economies are robust diversified adaptable and able to withstand shocks ensuring social equity and promoting environmental sustainability,https://sdgs.un.org/topics/small-island-developing-states,island developing,Goal 14: Life Below Water,14
228, the next years are critical for small island developing states,https://sdgs.un.org/topics/small-island-developing-states,island developing,Goal 14: Life Below Water,14
229, a new context is emerging wherein the economic social and environmental as well as geopolitical threats to the development of small island developing states are so great that they can only be ameliorated by a reinvigorated enabling environment that gives meaningful effect to their sustainable development,https://sdgs.un.org/topics/small-island-developing-states,island developing,Goal 14: Life Below Water,14
230, without the full support of the international community small island developing states will endure potentially far reaching consequences,https://sdgs.un.org/topics/small-island-developing-states,island developing,Goal 14: Life Below Water,14
231, we reaffirm the continued applicability of the programme of action for the sustainable development of small island developing states barbados programme of action adopted in the mauritius strategy for the further implementation of the programme of action for the sustainable development of small island developing states mauritius strategy of and the sids accelerated modalities of action samoa pathway of as blueprints setting out the sustainable development priorities of small island developing states,https://sdgs.un.org/topics/small-island-developing-states,sustainable development,Goal 14: Life Below Water,14
232, we recommit to the full and timely implementation of the agenda for sustainable development the addis ababa action agenda of the third international conference on financing for development and the united nations framework convention on climate change and the paris agreement as well as the sendai framework for disaster risk reduction the new urban agenda the kunming montreal global biodiversity framework and other relevant intergovernmentally agreed development outcomes frameworks and instruments,https://sdgs.un.org/topics/small-island-developing-states,agenda sustainable,Goal 14: Life Below Water,14
233, we reaffirm all the principles of the rio declaration on environment and development including inter alia the principle of common but differentiated responsibilities as set out in principle thereof,https://sdgs.un.org/topics/small-island-developing-states,principles rio,Goal 14: Life Below Water,14
234, we the heads of state and government and high level representatives having met in st,https://sdgs.un.org/topics/small-island-developing-states,met st,Goal 14: Life Below Water,14
235, john s from to may at the fourth international conference on small island developing states with the participation of civil society the private sector youth academia and other relevant stakeholders firmly reaffirm our commitment to support small island developing states on their pathway to achieving sustainable development and resilient prosperity where the progress of today does not compromise the possibilities of tomorrow,https://sdgs.un.org/topics/small-island-developing-states,island developing,Goal 14: Life Below Water,14
236, through targeted results focused interventions and investments we will support small island developing states as they exercise full ownership of their new agenda and seek to establish partnerships as equals upholding values of equity national ownership mutual trust transparency and accountability and cooperation and promoting benefits across priority areas in their new year agenda,https://sdgs.un.org/topics/small-island-developing-states,establish partnerships,Goal 14: Life Below Water,14
237, what do small island developing states want,https://sdgs.un.org/topics/small-island-developing-states,island developing,Goal 14: Life Below Water,14
238, enhancing inter island connectivity and linking economies of small island developing states to regional markets and global supply chains including by integrating them into existing and emerging maritime and multimodal transport and economic corridors and encouraging sustainable transport initiatives to support small island developing states remains key,https://sdgs.un.org/topics/small-island-developing-states,island connectivity,Goal 14: Life Below Water,14
239, we underscore that small island developing states face substantial structural challenges in building the necessary ecosystem institutions and capacity for promoting and using science technology innovation and digitalization to drive economic growth and sustainable development,https://sdgs.un.org/topics/small-island-developing-states,island developing,Goal 14: Life Below Water,14
240, small island developing states face significant challenges in data collection analysis technical and institutional capacity which hinders evidence informed policymaking monitoring progress and accessing development financing and we emphasize that capacity building for stronger data governance and management will allow small island developing states to support better data collection protection transparency and data sharing,https://sdgs.un.org/topics/small-island-developing-states,data governance,Goal 14: Life Below Water,14
241, we welcome and call for support for the efforts of small island developing states in establishing a small island developing states centre of excellence in antigua and barbuda that will be launched at the fourth international conference on small island developing states which will include inter alia a small island developing states data hub a technology and innovation mechanism and an island investment forum,https://sdgs.un.org/topics/small-island-developing-states,island developing,Goal 14: Life Below Water,14
242, acknowledging that small island developing states are highly dependent on imports with limited export capacity and face current account deficits and limited fiscal space compounded by limited access to concessional financing small island developing states seek the support of the international community to a develop and expand their productive capacity by i undertaking national productive capacities gap assessments ii implementing holistic productive capacities development programmes iii investing in higher productivity sectors including in advanced technologies and digital economy to provide better paying jobs for people in small island developing states and reduce brain drain and labour mobility b increase trade and investment by i designing prioritized trade and investment strategies to consolidate market opportunities in existing sectors and markets and identify opportunities for economic diversification to reduce vulnerability ii enabling market access in goods and services for small island developing states by considering trade rules as appropriate that take into account the special circumstances of small island developing states and encouraging the full utilization of preferential market access by improving the application of trade rules and their transparency for small island developing states in compliance with world trade organization commitments iii strengthening local national and regional institutions as well as the regulatory and domestic policy environment and trade facilitation bodies iv enabling business environments for private sector investment entrepreneurship especially micro small and medium sized enterprises cooperatives and enterprise development v strengthening capacity for resource mobilization investment flows monitoring and firm level data collection analysis and use vi supporting the establishment of the biennial island investment forum in the small island developing states centre of excellence as a dedicated platform for promoting sustainable economic development in small island developing states by promoting investment opportunities knowledge exchange and collaborative initiatives addressing the unique challenges faced by small island developing states and contributing to their long term resilience and prosperity vii reviewing and reforming old generation investment treaties that are in force for small island developing states where desired with the aim of safeguarding policy space to pursue sustainable development objectives c promote resilient and sustainable tourism by i minimizing pollution and waste enhancing environmental awareness conserving and protecting the environment respecting wildlife biodiversity ecosystems and cultural diversity ii de risking investments strengthening cross sector collaboration between tourism and other sectors and modernizing the sector and related up and downstream services iii raising awareness of the importance of resilient and sustainable tourism including through global tourism resilience day iv developing creative and innovative employment solutions including for informal workers to provide resilience to the workforce taking into account national circumstances v enhancing entrepreneurship education and training in cultural and heritage management and preservation and in specific domains of the creative industries vi promoting and investing in the resilience of cultural heritage traditions and customs assets and infrastructure d promote sustainable ocean based economies by i assisting in the pursuit of opportunities in sustainable fisheries aquaculture mariculture marine and coastal tourism ocean based renewable energy and mineral and other related resources sustainable shipping and maritime transport and ports ii establishing public private sector partnerships and appropriate capital market instruments and providing technical assistance to stock exchanges and security market regulators to enhance bankability and feasibility of projects iii creating and supporting an enabling policy environment to maximize diaspora remittances investment skills and experience for research innovation economic development and diversification to shift towards environmentally sustainable practices and technologies,https://sdgs.un.org/topics/small-island-developing-states,island developing,Goal 14: Life Below Water,14
243, we underline the need to promote peaceful prosperous inclusive societies and safe communities for achieving sustainable development and to build effective accountable and inclusive institutions at all levels,https://sdgs.un.org/topics/small-island-developing-states,inclusive societies,Goal 14: Life Below Water,14
244, good governance rule of law human rights fundamental freedoms equal access to fair justice systems and measures to combat corruption and curb illicit financial flows will be integral to our efforts,https://sdgs.un.org/topics/small-island-developing-states,good governance,Goal 14: Life Below Water,14
245, we remain concerned that poverty including extreme poverty unemployment inequality and exclusion continue to disproportionately affect people in vulnerable situations particularly women children youth persons with disabilities and older persons and reduces the potential productive capacities in small island developing states,https://sdgs.un.org/topics/small-island-developing-states,concerned poverty,Goal 14: Life Below Water,14
246, these challenges are compounded by youth unemployment loss of skilled and semi skilled labour through labour mobility and gender inequality including unpaid care and domestic work,https://sdgs.un.org/topics/small-island-developing-states,youth unemployment,Goal 14: Life Below Water,14
247, the inadequacy of the health and social protection systems of small island developing states and the prevalence of communicable and non communicable diseases in small island developing states pose a threat to sustainable development and economic productivity disproportionately affecting the poorest and those in vulnerable situations,https://sdgs.un.org/topics/small-island-developing-states,island developing,Goal 14: Life Below Water,14
248, acknowledging the efforts of small island developing states to improve health and social protection systems boost state capacity in the public sector and reduce poverty unemployment inequality and exclusion small island developing states seek the support of the international community to a strengthen health systems by i promoting and ensuring equitable and timely access to affordable and quality health care services in order to achieve universal health coverage leaving no one behind noting that any external financing should be aligned with national and regional priorities ii developing nationally appropriate inclusive social protection systems including through the one health approach and other holistic approaches as well as the integration of climate and health policies iii enhancing prevention preparedness and response to better cope with health emergencies epidemics pandemics and climate change related health impacts through capacity building upgrading of surveillance and early warning systems and adapting sustainable infrastructure and equipment so that it is climate resilient low greenhouse gas emission and sustainable iv integrating essential non communicable diseases and mental health services into primary health care and universal health coverage v enhancing health literacy to promote healthy lifestyles and preventive measures to address risk factors for non communicable diseases including obesity unhealthy diets physical inactivity harmful use of alcohol tobacco use and exposure to air pollution and addressing the linkages between the environment and nutrition vi establishing an integrated and whole of government approach to address the growing challenges of vision impairment particularly myopia and other preventable conditions including integrating comprehensive eye care services as part of primary health care and universal health coverage vii building and retaining a trained skilled efficient and motivated health workforce that is equipped to meet the health needs of the population at all levels b build strong institutions by i increasing public participation and consultation promoting civic education and engaging civil society organizations to actively and meaningfully participate in policy and budget decisions including by establishing citizen participation mechanisms and creating spaces for inclusive dialogue ii strengthening coordination and collaboration among government institutions and working beyond traditional boundaries to unify capabilities across agencies sectors and society iii strengthening the synergy between public policy planning and financing through integrated national financing frameworks to increase the expenditure efficiency of public resources as a complement to resource mobilization from all sources iv investing in continuous education and training and professional development programmes for public servants and building public sector skill sets for the future including in improving the agility of public service delivery and public procurement v designing systems for government institutions to generate effective policies and investment decisions vi boosting state capacity to effectively implement policies through the strengthening of public sector reforms building effective accountable and inclusive institutions at all levels and improving transparency and accountability vii incorporating and strengthening e government and digital solutions as a means of overcoming accessibility scale and dispersion of population bridging the digital divides and supporting the institutional capacity of local and national government institutions viii assisting national and regional institutions to combat transnational crime and violence including drug trafficking and the illicit trade in small arms and light weapons taking into account the national circumstances of small island developing states c achieve gender equality empower youth and leave no one behind by i promoting and protecting the full realization of the human rights of all women and girls and eliminating all forms of discrimination and of violence against all women and girls including inter alia by developing and implementing gender responsive action plans ii increasing women s leadership and promoting their full equal and meaningful participation and representation at all stages and levels of decision making processes iii investing in policies and programmes in productive capacities education and skills that would also address emerging issues among children young people particularly boys and young men taking into account national circumstances iv meaningfully involving youth in decision making processes as appropriate including through youth councils and advisory committees supporting youth led initiatives and creating opportunities for engaging youth in sustainable development v promoting and protecting the full realization of the human rights of persons with disabilities and enabling their full equal meaningful and effective participation representation and leadership in decision making addressing stigma and discrimination eliminating violence and increasing their access to economic opportunities education and health care vi strengthening adaptive social protection systems and expanding coverage of national social protection programmes through comprehensive risk management strategies to promote the realization of equity and equality particularly for those in vulnerable situations including women children youth persons with disabilities and older persons vii investing in developing the skills of and fostering opportunities to pursue alternative livelihoods for communities displaced by disasters many of which are exacerbated by climate change while recognizing the importance of safeguarding and passing on tangible and intangible cultural heritage from generation to generation and ensuring their financial economic and social inclusion so that they can leverage their talent and ideas to contribute to and benefit from their new communities viii supporting the advancement of sports as an important enabler of sustainable development including for its growing contribution to the realization of development and peace in its promotion of tolerance and respect and the contributions it makes to the empowerment of women young people children in particular girls individuals and communities as well as to health education and social inclusion objectives,https://sdgs.un.org/topics/small-island-developing-states,health coverage,Goal 14: Life Below Water,14
249, recognizing that various anthropogenic pressures and adverse impacts of climate change as well as global shocks continue to impede water availability and food and energy security and further recognizing the importance of access to affordable reliable sustainable and modern energy and connectivity small island developing states seek the support of the international community to a foster sustainable energy transitions and energy efficiency and ensure access to affordable reliable sustainable and modern energy based on all energy sources in particular renewable energy sources by i urgently enhancing support investment and partnerships for just inclusive equitable and resilient energy transitions and energy efficiency including clean and renewable energy infrastructure technology and training with a view to fulfilling small island developing states bold and ambitious renewable energy targets for the next decade ii addressing the underlying barriers in accessing and mobilizing finance to deploy renewable energy including enabling environments and policy legal and regulatory frameworks iii developing small island developing states specific technologies and applications for renewable energy deployment and integration into the power system and promoting efforts to reduce the cost of capital for renewables iv providing support to overcome the structural barriers that hinder just inclusive resilient energy transitions including institutional capacity particularly skills gaps and grid stabilization and upgrading b develop integrated water resources management by i developing policies legislative frameworks institutional and human capacities for effective inclusive sustainable and integrated water resources management and facilitate the expansion of wastewater treatment recycling and reuse ii significantly reducing the impact of climate change on water scarcity through enhancing climate resilience to water related hazards and supporting a climate and disaster resilient water supply and sanitation and access to safe and affordable potable water and sanitation and hygiene for all iii providing appropriate gender sensitive and disability inclusive facilities and infrastructure for safe drinking water sanitation and hygiene and waste management systems c enhance food security by i developing and implementing adaptation and mitigation strategies that take into account the linkages between food water and energy such as integrating climate resilient infrastructure and promoting sustainable agricultural practices and the deployment of agricultural technologies that are resilient to the adverse impacts of climate change ii increasing sustainable agriculture and fisheries food security and nutrition and livelihoods in small island developing states in a manner that helps with climate adaptation mitigates emissions and promotes sustainable use of biodiversity including through incubation diversification local value addition climate resilient best practices and promoting scaling up and replicating locally grown ideas to accelerate the achievement of sustainable agriculture and fisheries food security and good and improved nutrition as well as improved overall health and well being iii developing sustainable food and agricultural production that is resilient to the impacts of climate change addresses water availability and efficiently uses water resources improving supply and distribution of food including the reduction of food loss and waste and enhancing resilience to potential excessive food price volatility and food crises d build resilient infrastructure by i scaling up planning development and management of quality reliable sustainable and resilient infrastructure and energy efficient land marine and air transportation systems ii applying the principles for resilient infrastructure in small island developing states to create risk informed policy investment decisions and systems in sectors including transportation energy communications water health and education with a view to nurturing a culture of maintenance for resilient societies e enhance transportation and connectivity to link economies of small island developing states to regional markets and global supply chains by i investing in sound safe sustainable climate resilient and affordable land air maritime and inter island transportation infrastructure including traditional and sustainable modes that is inclusive for all with a focus on community engagement and empowerment ii developing and implementing climate and disaster resilient safe affordable accessible and well maintained sustainable transportation infrastructure in small island developing states in line with the principles for resilient infrastructure including for remote and underserved communities taking into account the local impacts of climate change to ensure the longevity of transport infrastructure iii establishing integrated and sustainable maritime and air transportation systems to foster regional economic and value chain integration improving inter island connectivity modernizing transport fleets and equipment iv developing coordinated regional transportation fostering connectivity between small island developing states and neighbouring regions to strengthen economic ties and facilitate the movement of goods and people,https://sdgs.un.org/topics/small-island-developing-states,renewable energy,Goal 14: Life Below Water,14
250, we acknowledge that the widespread rapid and adverse impacts of climate change continue to pose increasing risks to small island developing states and their efforts to achieve sustainable development while representing the greatest threats to the survival and viability of their people and natural ecosystems,https://sdgs.un.org/topics/small-island-developing-states,impacts climate,Goal 14: Life Below Water,14
251, even with limiting global warming to ,https://sdgs.un.org/topics/small-island-developing-states,global warming,Goal 14: Life Below Water,14
252, degrees celsius above pre industrial levels small island developing states will continue to incur severe loss and damage,https://sdgs.un.org/topics/small-island-developing-states,island developing,Goal 14: Life Below Water,14
253, small island developing states are gravely concerned that global emissions are not in line with modelled global mitigation pathways consistent with the temperature goal of the paris agreement and that there is a rapidly narrowing window out to to raise ambition and implement existing commitments in order to keep warming to ,https://sdgs.un.org/topics/small-island-developing-states,global emissions,Goal 14: Life Below Water,14
254, degrees celsius above pre industrial levels within reach which is crucial to the sustainable development of small island developing states,https://sdgs.un.org/topics/small-island-developing-states,island developing,Goal 14: Life Below Water,14
255, small island developing states have extraordinary marine and terrestrial biodiversity that in many cases is fundamental to their livelihoods culture and identity but their vulnerabilities are drastically limiting the resources and means by which they can protect their ecosystems and the natural environment,https://sdgs.un.org/topics/small-island-developing-states,island developing,Goal 14: Life Below Water,14
256, the ocean and its resources are under considerable stress from anthropogenic sources impacting small island developing states which are especially dependent on their maritime resources for their food security and livelihoods,https://sdgs.un.org/topics/small-island-developing-states,ocean resources,Goal 14: Life Below Water,14
257, small island developing states seek the support of the international community to a urgently take action on climate change by i accelerated actions on the effective implementation of the united nations framework convention on climate change and the paris agreement guided by science and agreed principles ii supporting the recruitment and development of technical expertise to facilitate the development of loss and damage response plans and actions including risk assessment loss modelling governance management disbursement monitoring evaluation and reporting on loss and damage solutions and impacts iii recognizing the important role of forests in climate mitigation and adaptation including through promoting the adoption and implementation of reducing emissions from deforestation and forest degradation on the role of conservation and sustainable management of forests in developing countries as well as other alternative policy approaches in small island developing states including those with high forest low deforestation hfld regions as per article ,https://sdgs.un.org/topics/small-island-developing-states,forests climate,Goal 14: Life Below Water,14
258, of the paris agreement on national or an interim basis subnational jurisdictional scales can foster information exchange expertise sharing and collective problem solving fostering a united effort in addressing climate mitigation and adaptation goals and also noting it is essential for those small island developing states that have maintained forest cover and other ecosystems such as mangroves seagrass peatlands old growth forests and marshes over decades of sustainable management and use to pursue opportunities to mobilize financing in this regard b conserve and sustainably use the ocean and its resources by i ensuring the conservation and sustainable use of marine resources including through sustainable management of aquaculture mariculture tourism and fisheries such as through the implementation of measures to end illegal unreported and unregulated fishing for mutually reinforcing economic and environmental benefits ii addressing biodiversity loss caused by harmful human activities including inadequate waste management and unsustainable production and consumption including of plastics overfishing illegal unreported and unregulated fishing introduction of alien invasive species noise and light pollution coral bleaching ocean acidification eutrophication and harmful algal blooms and coastal erosion including through measures such as inter alia satellite monitoring and the establishment and strengthened management of area based management tools including marine protected areas and integrated coastal zone management and other effective area based conservation measures and locally managed marine areas iii strengthening partnerships at the subregional regional and international levels to prevent and reduce plastic pollution in the marine environment and support investment in modern integrated solid waste management systems c conserve restore and sustainably use biodiversity by i developing enhancing and applying environmental statistics frameworks in their national statistical systems such as natural capital accounting framework including ecosystems services valuation to assess the contribution of natural ecosystems to economies and inform policy decisions and development ii supporting small island developing states to identify financing and capacity gaps in meeting biodiversity objectives and develop partnerships particularly with the private sector to develop innovative strategies to bridge these gaps iii updating the programme of work on island biodiversity adopted under the convention on biological diversity particularly in the context of the ongoing process to identify scientific and technical needs of small island developing states iv developing an island biodiversity capacity building and development action plan on the basis of the review of the capacity and technology absorption and sustaining abilities of small island developing states and in line with the programme of work on island biodiversity v acknowledging the important roles and contributions of indigenous peoples and local communities as custodians of biodiversity and as partners in its conservation restoration and sustainable use and ensuring the rights knowledge including traditional knowledge associated with biodiversity innovations worldviews values and practices of indigenous peoples and local communities are respected and documented and preserved with their free prior and informed consent including through their full and effective participation in decision making in accordance with relevant national legislation international instruments including the united nations declaration on the rights of indigenous peoples and human rights law d mainstream disaster risk reduction by i increasing local national and regional capacity particularly among key national agencies to improve coordination with international regional and humanitarian partners and donor governments as appropriate to prevent and reduce disaster risk and to respond to intensifying disasters ii building more robust multi hazard risk governance including the development of national legislative frameworks for disaster risk reduction and strengthened local authorities and community based disaster risk management approaches that can capture whole of government and whole of society actions that are also gender responsive and disability inclusive iii strengthening disaster preparedness including multi hazard early warning systems and capacity to take early action through initiatives such as early warnings for all and climate risk and early warning systems timely evacuation planning planning for relocation of communities and developing post disaster needs assessments iv implementing creative arrangements and risk reduction mechanisms that allow small island developing states to access low and concessional financing rates including government guarantees and insurance schemes as appropriate v reducing disaster risks including by building protective infrastructure and enhancing resilience of freshwater and other water systems and using the recovery rehabilitation and reconstruction phases after a disaster to increase resilience and developing systems for managing evacuations and the distribution of basic relief support,https://sdgs.un.org/topics/small-island-developing-states,ocean resources,Goal 14: Life Below Water,14
259, how do small island developing states get there,https://sdgs.un.org/topics/small-island-developing-states,island developing,Goal 14: Life Below Water,14
260, while acknowledging the primary responsibility of small island developing states for their own sustainable development we recognize that the persistent development challenges of the small island developing states require enhanced global partnership for development adequate provision and mobilization of all means of implementation and continued international support to achieve internationally agreed goals,https://sdgs.un.org/topics/small-island-developing-states,island developing,Goal 14: Life Below Water,14
261, therefore to realize the antigua and barbuda agenda for small island developing states by we the international community commit to the following actions a,https://sdgs.un.org/topics/small-island-developing-states,realize antigua,Goal 14: Life Below Water,14
262, build economic resilience a reform the international financial architecture and address gaps and shortfalls and facilitate easier access to affordable and concessional finance by i considering how best multidimensional vulnerability could be incorporated into existing practices and policies for debt sustainability and development support including access to concessional finance looking forward to the intergovernmental process to consider the recommendations presented in the final report of the high level panel on the development of a multidimensional vulnerability index for small island developing states which can also provide a basis for moving forward in this direction ii expanding multilateral lending to small island developing states while maintaining financial sustainability of multilateral development institutions and taking note of the identification by the heads of multilateral development banks group of capital adequacy measures which could potentially yield additional lending headroom in the order of up to billion united states dollars over the next decade with a view to strengthening support for small island developing states in achieving resilient prosperity iii ensuring representation and participation of small island developing states as well as other developing countries in decision making in global economic and international financial institutions in order to deliver more effective credible accountable and legitimate institutions giving due consideration to priorities needs and perspectives of small island developing states in the process b increase effectiveness of development finance by i improving donors aid effectiveness development cooperation and donor coordination in line with national and regional priorities and needs of small island developing states including through the small island developing states principles for development effectiveness as appropriate ii promoting a risk informed approach to investment and financing in small island developing states so that all development finance strengthens resilience and accelerates the development aspirations of small island developing states c support the sustainable management of debt by i considering the establishment of a dedicated small island developing states debt sustainability support service to enable sound debt management and devise effective solutions for small island developing states in relation to debt vulnerability in the immediate term and debt sustainability in the long term building on and avoiding duplication with relevant dedicated initiatives ii considering the use of state contingent instruments to strengthen borrower resilience and increase the ability of small island developing states to withstand economic shocks d increase investments in small island developing states by strengthening capacity for resource mobilization investment flows monitoring firm level data collection and analysis as well as trade related support to strengthen investment promotion agencies in small island developing states to attract stable and development conducive foreign direct investment and other private capital flows in accordance with national circumstances priorities and legislation e enable youth economic participation by i harnessing the demographic dividend by equipping youth with education and skills including through capacity building and training initiatives to pursue opportunities in traditional emerging and innovative economies ii supporting youth driven startups providing financial backing mentorship and resources to cultivate a new generation of entrepreneurs and steer small island developing states towards economic resilience and diversification through innovation b,https://sdgs.un.org/topics/small-island-developing-states,economic resilience,Goal 14: Life Below Water,14
263, scale up climate action and support including climate finance in line with existing commitments and obligations under the united nations framework convention on climate change and the paris agreement a accelerated actions towards full and effective implementation of the united nations framework convention on climate change and the paris agreement by i taking urgent actions to hold the increase in the global average temperature to well below degrees celsius above pre industrial levels and pursue efforts to limit the temperature increase to ,https://sdgs.un.org/topics/small-island-developing-states,climate action,Goal 14: Life Below Water,14
264, degrees celsius above pre industrial levels and to accelerate action in this critical decade on the basis of the best available science reflecting equity and the principle of common but differentiated responsibilities and respective capabilities in the light of different national circumstances and in the context of sustainable development and efforts to eradicate poverty ii implementing the decisions adopted at sessions of the conference of the parties to the united nations framework convention on climate change and the conference of the parties serving as the meeting of the parties to the paris agreement iii timely support for action on adaptation through inter alia the operationalization and implementation of the united arab emirates framework for global climate resilience to guide the achievement of the global goal on adaptation and the review of overall progress in achieving it with a view to reducing the increasing adverse impacts risks and vulnerabilities associated with climate change as well as to enhance adaptation action and support iv phasing out inefficient fossil fuel subsidies that do not address energy poverty or just transitions as soon as possible in a nationally determined manner taking into account the paris agreement different national circumstances pathways and approaches v accelerating and substantially reducing non carbon dioxide emissions globally including in particular methane emissions by in a nationally determined manner taking into account the paris agreement different national circumstances pathways and approaches while providing targeted support to enable small island developing states to address non carbon dioxide emissions vi providing climate finance by developed countries to small island developing states in line with existing obligations and commitments under the united nations framework convention on climate change and the paris agreement vii strengthening and mobilizing and providing financial resources to existing multilateral climate funds including the green climate fund the global environment facility and its special climate change fund and the adaptation fund viii harmonizing as appropriate and simplifying the application requirements as well as access and approval procedures for climate financing instruments and continuing to advocate for dedicated financing and programmes for small island developing states including advocating for minimum allocation funding criteria for small island developing states as appropriate to address inter alia the current high barriers and transaction costs especially for financing small sized projects for small island developing states ix providing technical support for small island developing states for the development of carbon markets in accordance with article of the paris agreement as well as the further development of private financial products such as green and blue bonds x providing resources recognizing the urgent and immediate need for new additional predictable and adequate financial resources to assist developing countries that are particularly vulnerable to the adverse impacts of climate change in responding to economic and non economic loss and damage associated with the adverse effects of climate change with special consideration for small island developing states xi urgently operationalizing and further capitalizing the new fund for responding to loss and damage ensuring that priorities and needs of small island developing states are also considered in the context of access and resource allocation and the development of programmatic nationally led approaches with due regard for the governing instrument of the fund and special consideration for small island developing states xii addressing the significant challenges small island developing states face in accessing climate finance for implementing their national adaptation plans xiii activating private sector finance for climate mitigation and adaptation with a view to strengthening financial support for small island developing states in achieving resilient prosperity c,https://sdgs.un.org/topics/small-island-developing-states,climate resilience,Goal 14: Life Below Water,14
265, scale up biodiversity action a accelerated and urgent actions to halt and reverse biodiversity loss by i advancing by parties to the convention on biological diversity the full and effective implementation of the decisions of the conference of the parties to the convention including the kunming montreal global biodiversity framework ii ensuring adequate financial and technical support for small island developing states and timely operationalization and capitalization of the global biodiversity framework fund d,https://sdgs.un.org/topics/small-island-developing-states,biodiversity action,Goal 14: Life Below Water,14
266, conserve and sustainably use the ocean and its resources a support ocean based action by i building the capacity of small island developing states in understanding their rights obligations and responsibilities under the united nations convention on the law of the sea including to enable their effective participation in activities under the convention ii building the capacity of small island developing states to ratify and implement the provisions of the agreement under the united nations convention on the law of the sea on the conservation and sustainable use of marine biological diversity in areas beyond national jurisdiction iii exploring developing and promoting innovative financing solutions to drive the transformation to sustainable ocean based economies and the scaling up of nature based solutions ecosystem based approaches to support the resilience restoration and conservation of coastal ecosystems including through public private sector partnerships and capital market instruments provide technical assistance to enhance the bankability and feasibility of projects as well as mainstream the values of marine natural capital into decision making and address barriers to accessing financing recognizing that further support is needed from developed countries especially regarding capacity building financing and technology transfer iv pursuing opportunities for research and innovation in ocean related industries that explore new technologies sustainable practices and innovative solutions v assisting small island developing states in planning and implementing area based management tools including effectively and equitably managed ecologically representative and well connected marine protected areas and other effective area based conservation measures integrated coastal zone management and marine spatial planning in small island developing states in accordance with national legislation and international law vi encouraging the increase of funding to the trust funds for the efficient and effective operation of the commission on the limits of the continental shelf e,https://sdgs.un.org/topics/small-island-developing-states,ocean resources,Goal 14: Life Below Water,14
267, mainstream disaster risk reduction a build resilience to disasters by i providing financial and technical assistance and capacity building for disaster risk reduction and more robust multi hazard risk governance ii assisting small island developing states to respond to disasters by supporting them through the international financial institutions to build and design risk resilient infrastructure and improving the speed of post disaster support iii allocating ex ante financing to enable the systemic reduction of disaster risk and resilience building including the disclosure of disaster risk iv continuing to support the development of vehicles and instruments aimed at providing support to small island developing states including through emergency liquidity as required and funding reconstruction after disasters v increasing support including financing to improve small island developing states data collection governance management analysis and assessment of hazards disaster events and their impacts including losses and damages in small island developing states f,https://sdgs.un.org/topics/small-island-developing-states,disaster risk,Goal 14: Life Below Water,14
268, safe and healthy societies a strengthen health systems by i increasing access to assistance for health systems including financing aligned with national and regional priorities ii providing financial and technical assistance and capacity building support to prevent and address the impact of non communicable diseases and mental health conditions including in support of the bridgetown declaration on non communicable diseases and mental health as appropriate g,https://sdgs.un.org/topics/small-island-developing-states,healthy societies,Goal 14: Life Below Water,14
269, data collection analysis and use a strengthen data collection storage and analysis by i investing in building human and institutional capacity in small island developing states to collect quality accessible timely and reliable disaggregated data according to their national contexts to measure progress and to ensure that no one is left behind ii strengthening and modernizing national data infrastructure and systems in small island developing states to better integrate data into development planning and enhancing the capacity of statistical offices in small island developing states iii enhancing science based and innovative approaches including sustainable development oriented inclusive and responsible use of artificial intelligence in the non military domain in full respect promotion and protection of human rights and international law for the collection storage analysis disaggregation dissemination and use of demographic data in small island developing states including use of geospatial technologies iv enhancing partnerships and the sharing of best practice expertise digital public goods and data in order to facilitate small island developing states peer to peer learning including through the small island developing states centre of excellence and existing statistical initiatives including through regional organizations v providing high quality spatial data for small island developing states and working to downscale global datasets to provide accurate information for small island developing states h,https://sdgs.un.org/topics/small-island-developing-states,island developing,Goal 14: Life Below Water,14
270, science technology innovation and digitalization a harness the potential of science technology and innovation and advance the benefits of digitalization in small island developing states by i providing small island developing states with the necessary means of implementation to strengthen their scientific and technological capacities ii taking action to harness digital technologies to achieve sustainable development in small island developing states by strengthening digital cooperation developing digital infrastructure bridging digital divides and ensuring an open and inclusive digital future for all iii assisting small island developing states in developing national road maps for digitalization science technology and innovation and to support small island developing states to build up national capacities for developing and utilizing state of the art technologies including renewable energy technologies marine technologies for the ocean based economy and other areas significant to sustainable development including digital technologies iv assisting the development of policies and legislation to create an enabling environment to boost digital transformation innovation enhance digital infrastructure and connectivity bridge digital divides enhance digital skills support government digital services and digital public infrastructure and leverage science and technology including new and emerging technology and artificial intelligence taking into account the unique needs of small island developing states v supporting the small island developing states centre of excellence through its innovation and technology mechanism to provide learning opportunities exchange experiences and support innovation so as to enhance capacity building and narrow the digital divides vi creating and supporting inclusive digital societies and implementing initiatives at all levels to develop human resources in science and technology engineering the arts and mathematics especially to promote the interest of children including girls youth women persons with disabilities and other people in vulnerable situations and to strengthen the quality of education and reskilling in these fields by modernizing school curricula vii developing digital solutions to expand commerce to support efforts to overcome the adverse impacts of remoteness and other structural constraints in small island developing states viii supporting the building of capacity among populations of small island developing states to access new and emerging technological innovations improving digital and financial literacy and skills to ensure that everyone especially the most vulnerable has access to services both offline and online and benefits from economic opportunities i,https://sdgs.un.org/topics/small-island-developing-states,island developing,Goal 14: Life Below Water,14
271, productive populations a increase prosperity and productive capacities employment equality and inclusivity in small island developing states by i empowering small island developing states to capture the benefits of digital technologies and resources for inclusive equitable and quality education and lifelong learning opportunities including through distance learning ii promoting protecting and improving the health and nutrition of populations through multisectoral action and strengthening health systems to support educational attainment a growing and productive workforce poverty reduction and resilience to shocks iii providing quality education opportunities for children and youth at risk and developing strategies to address underperformance especially of boys in school to ensure they are educated with skill sets to enable them to successfully enter the labour market taking into account national circumstances iv developing policies strategies and norms to promote employment and reduce unemployment and underemployment by promoting skills development and productivity technology transfer on mutually agreed terms and experience sharing that respond to evolving job markets and reducing barriers to employment especially for youth and women v increasing investment in the quality of education reskilling and lifelong learning opportunities especially for children youth women indigenous peoples local communities persons with disabilities migrants and displaced persons and other people in vulnerable situations j,https://sdgs.un.org/topics/small-island-developing-states,island developing,Goal 14: Life Below Water,14
272, partnerships a new innovative and bold approaches to partnership based on mutual collaboration and ownership trust alignment harmonization respect results orientation accountability transparency including with relevant stakeholders and cooperation that leverages a whole of government and whole of society approach by i expanding and diversifying partnerships with local authorities civil society and non governmental organizations foundations the private sector academia and international financial institutions to implement the antigua and barbuda agenda for small island developing states ii supporting sids sids cooperation capacity building and knowledge exchange particularly among institutions of small island developing states including the sids sids green blue economy knowledge transfer hub at the university of the west indies cave hill campus in barbados iii leveraging north south triangular and south south cooperation including sids to sids to mobilize human financial technical and technological resources while recalling that south south cooperation is not a substitute for but rather a complement to north south cooperation,https://sdgs.un.org/topics/small-island-developing-states,partnerships,Goal 14: Life Below Water,14
273, a more effective united nations in support of small island developing states ,https://sdgs.un.org/topics/small-island-developing-states,island developing,Goal 14: Life Below Water,14
274, we value the role of the united nations system in supporting small island developing states to achieve their sustainable development objectives and request all united nations development system entities to contribute to the implementation of and to integrate the antigua and barbuda agenda for small island developing states into their strategic and work plans in accordance with their mandates,https://sdgs.un.org/topics/small-island-developing-states,nations development,Goal 14: Life Below Water,14
275, we underline the need to give due consideration to the issues and concerns of small island developing states in all relevant major united nations conferences and processes and the relevant work of the united nations development system,https://sdgs.un.org/topics/small-island-developing-states,island developing,Goal 14: Life Below Water,14
276, we call upon the united nations system to ensure country and multi country offices of all united nations entities operating in small island developing states are well resourced with staff with the appropriate skills experience country context and capacities to operate effectively and to avoid vacancies at the country level particularly in resident coordinator offices,https://sdgs.un.org/topics/small-island-developing-states,united nations,Goal 14: Life Below Water,14
277, we request the secretary general in his annual report to the general assembly at its eightieth session on the implementation of the antigua and barbuda agenda for small island developing states to present proposals to ensure a coordinated coherent and effective united nations system wide capacity development approach to small island developing states and to enhance the implementation monitoring and evaluation of the agenda including a potential single sids dedicated entity at the secretariat,https://sdgs.un.org/topics/small-island-developing-states,implementation antigua,Goal 14: Life Below Water,14
278, we also request the secretary general in consultation with states including through the steering committee on partnerships for small island developing states to present recommendations for the strengthening of the small island developing states partnership framework and the small island developing states global business network and its forum,https://sdgs.un.org/topics/small-island-developing-states,partnerships small,Goal 14: Life Below Water,14
279, we commit to engaging in systematic monitoring and evaluation of the antigua and barbuda agenda for small island developing states over the next years,https://sdgs.un.org/topics/small-island-developing-states,evaluation antigua,Goal 14: Life Below Water,14
280, we request the secretary general to convene an inter agency task force to develop a monitoring and evaluation framework with clear targets and indicators to be completed by no later than the second quarter of ,https://sdgs.un.org/topics/small-island-developing-states,agency task,Goal 14: Life Below Water,14
281, the framework should build on the monitoring and evaluation framework for the samoa pathway in line with the targets and indicators of the sustainable development goals and use data from existing reporting mechanisms where possible and should not be overly burdensome or create new processes or requirements for small island developing states,https://sdgs.un.org/topics/small-island-developing-states,framework samoa,Goal 14: Life Below Water,14
282, we call upon the department of economic and social affairs and the office of the high representative for the least developed countries landlocked developing countries and small island developing states to conduct workshops to familiarize small island developing states with the application of the framework and build capacity to collect and submit their data,https://sdgs.un.org/topics/small-island-developing-states,developing states,Goal 14: Life Below Water,14
283, we call for the annual small island developing states segment of the high level political forum on sustainable development convened under the auspices of the economic and social council to be repurposed to review annually progress against commitments in the antigua and barbuda agenda for small island developing states that are aligned with the sustainable development goals under review,https://sdgs.un.org/topics/small-island-developing-states,sustainable development,Goal 14: Life Below Water,14
284, to support this we request the secretary general to prepare an annual report on progress in implementing the agenda drawing on data from the monitoring and evaluation framework,https://sdgs.un.org/topics/small-island-developing-states,implementing agenda,Goal 14: Life Below Water,14
285, beginning in we call upon the economic commission for latin america and the caribbean the economic and social commission for asia and the pacific and the economic commission for africa to conduct a comprehensive biennial review of progress in each small island developing state in their respective regions which should inform the report of the secretary general on follow up to the antigua and barbuda agenda for small island developing states,https://sdgs.un.org/topics/small-island-developing-states,caribbean economic,Goal 14: Life Below Water,14
286, in this regard we note the call for the establishment of a regional coordination mechanism for the atlantic indian ocean and south china sea small island developing states to support implementation of the agenda and contribute to its monitoring and review,https://sdgs.un.org/topics/small-island-developing-states,regional coordination,Goal 14: Life Below Water,14
287, we request the economic and social commission for asia and the pacific and the economic commission for africa to establish small island developing states divisions within existing resources to coordinate monitoring evaluation and reporting for the atlantic indian ocean and south china sea small island developing states,https://sdgs.un.org/topics/small-island-developing-states,island developing,Goal 14: Life Below Water,14
288, we call for the general assembly to undertake a comprehensive midterm review of the antigua and barbuda agenda for small island developing states informed by regional preparatory meetings to highlight solutions to address the gaps and challenges in the implementation of the agenda and identify priorities for the final five years of its implementation,https://sdgs.un.org/topics/small-island-developing-states,review antigua,Goal 14: Life Below Water,14
289,abas m e list of targets and indicators https sdgs,https://sdgs.un.org/topics/small-island-developing-states,targets indicators,Goal 14: Life Below Water,14
290,pdf iatf abas discussion paper governance and institutional arrangements https sdgs,https://sdgs.un.org/topics/small-island-developing-states,abas discussion,Goal 14: Life Below Water,14
291,pdf iatf abas discussion paper selection of indicatorshttps sdgs,https://sdgs.un.org/topics/small-island-developing-states,indicatorshttps sdgs,Goal 14: Life Below Water,14
292,pdf iatf abas discussion paper selection of targets https sdgs,https://sdgs.un.org/topics/small-island-developing-states,selection targets,Goal 14: Life Below Water,14
293,pdf events see all events jun leveraging partnerships to advance ocean based economies in small island developing states tue tue jun related goals jun un ocean conference mon fri jun related goals may ambassadorial meeting of the steering committee on partnerships for small island developing states sids fri fri may related goals may sids civil society engagement forum mon tue may related goals news see all news aug small island developing states are in hot water here s what the international community must do to help by li junhua the world s small island developing states sids are among the most vulnerable countries on the planet,https://sdgs.un.org/topics/small-island-developing-states,island developing,Goal 14: Life Below Water,14
294, or to be more exact the waters that surround them are inching higher threatening to swallow them up,https://sdgs.un.org/topics/small-island-developing-states,threatening swallow,Goal 14: Life Below Water,14
295, those same wate related goals aug climate change debt relief expected to top caribbean island nation priorities at regional meeting ahead of un conference on small island developing states kingstown st,https://sdgs.un.org/topics/small-island-developing-states,island nation,Goal 14: Life Below Water,14
296, vincent and the grenadines august a major meeting of the small island developing states sids of the caribbean begins in kingstown st,https://sdgs.un.org/topics/small-island-developing-states,sids caribbean,Goal 14: Life Below Water,14
297, vincent and the grenadines today to assess development progress and agree on priorities for next year s united nations conference on sids related goals ,https://sdgs.un.org/topics/small-island-developing-states,sids related,Goal 14: Life Below Water,14
