,text_data,source,best_key_word,category,label
0,goal is about conserving life on land,https://www.un.org/sustainabledevelopment/biodiversity,life land,Goal 15: Life on Land,15
1, it is to protect and restore terrestrial ecosystems sustainably manage forests combat desertification and halt and reverse land degradation and stop biodiversity loss,https://www.un.org/sustainabledevelopment/biodiversity,stop biodiversity,Goal 15: Life on Land,15
2, earth s ecosystems are vital for sustaining human life they contribute to over half of global gdp and encompass diverse cultural spiritual and economic values,https://www.un.org/sustainabledevelopment/biodiversity,earth ecosystems,Goal 15: Life on Land,15
3, however the world is facing a triple crisis of climate change pollution and biodiversity loss,https://www.un.org/sustainabledevelopment/biodiversity,biodiversity loss,Goal 15: Life on Land,15
4, between and at least million hectares of healthy and productive land were degraded every year impacting the lives of ,https://www.un.org/sustainabledevelopment/biodiversity,land degraded,Goal 15: Life on Land,15
5, agricultural expansion is the direct driver of almost per cent of deforestation,https://www.un.org/sustainabledevelopment/biodiversity,cent deforestation,Goal 15: Life on Land,15
6, this is in direct relation to our food systems and oil palm harvesting accounted for per cent of global deforestation from to ,https://www.un.org/sustainabledevelopment/biodiversity,global deforestation,Goal 15: Life on Land,15
7, global and regional efforts to sustain forest ecosystems as well as their social economic and environmental functions are essential in particular for developing countries and the tropics,https://www.un.org/sustainabledevelopment/biodiversity,forest ecosystems,Goal 15: Life on Land,15
8, we need to shift humanity s relationship with nature to achieve goal and realise that nature is the root of our life of earth,https://www.un.org/sustainabledevelopment/biodiversity,realise nature,Goal 15: Life on Land,15
9, the recently adopted kunming montreal global biodiversity framework provides renewed impetus for goal outlining four outcome oriented goals to be achieved by and targets to be achieved by ,https://www.un.org/sustainabledevelopment/biodiversity,biodiversity framework,Goal 15: Life on Land,15
10, forests cover nearly per cent of the world and are home to more than per cent of all terrestrial species of animals plants and insects,https://www.un.org/sustainabledevelopment/biodiversity,forests cover,Goal 15: Life on Land,15
11, however biodiversity is declining faster than at any other time in human history,https://www.un.org/sustainabledevelopment/biodiversity,biodiversity declining,Goal 15: Life on Land,15
12, globally one fifth of the earth s land area are degraded an area nearly the size of india and the russian federation combined,https://www.un.org/sustainabledevelopment/biodiversity,area degraded,Goal 15: Life on Land,15
13, land degradation drive species to extinction and intensifies climate change biodiversity and the ecosystem services it underpins can also be the basis for climate change adaptation and disaster risk reduction strategies as they can deliver benefits that will increase the resilience of people,https://www.un.org/sustainabledevelopment/biodiversity,land degradation,Goal 15: Life on Land,15
14, lost forests mean the disappearance of livelihoods in rural communities increased carbon emissions diminished biodiversity and the degradation of land,https://www.un.org/sustainabledevelopment/biodiversity,lost forests,Goal 15: Life on Land,15
15, while forest loss remains high data show that the proportion of forests in protected areas and under long term management plans increased or remained stable at the global level and in most regions of the world,https://www.un.org/sustainabledevelopment/biodiversity,forests protected,Goal 15: Life on Land,15
16, an irreversible effect of human activity on the environment is species extinction which upsets the balance of nature and makes ecosystems more fragile and less resistant to disruptions,https://www.un.org/sustainabledevelopment/biodiversity,species extinction,Goal 15: Life on Land,15
17, a recent un report on biodiversity found that around million animal and plant species are now threatened with extinction many within decades more than ever before in human history,https://www.un.org/sustainabledevelopment/biodiversity,threatened extinction,Goal 15: Life on Land,15
18, increased demand for animal protein a rise in intense and unsustainable farming the increased use and exploitation of wildlife and the climate crisis are all driving the increased emergence of zoonotic diseases diseases transmitted from wildlife to people like covid ,https://www.un.org/sustainabledevelopment/biodiversity,zoonotic diseases,Goal 15: Life on Land,15
19, every year some two million people mostly in low and middle income countries die from neglected zoonotic diseases,https://www.un.org/sustainabledevelopment/biodiversity,zoonotic diseases,Goal 15: Life on Land,15
20, the same outbreaks can cause severe illness deaths and productivity losses among livestock populations in the developing world a major problem that keeps hundreds of millions of small scale farmers in severe poverty,https://www.un.org/sustainabledevelopment/biodiversity,farmers severe,Goal 15: Life on Land,15
21, in the last two decades alone zoonotic diseases have caused economic losses of more than billion not including the cost of the covid pandemic,https://www.un.org/sustainabledevelopment/biodiversity,zoonotic diseases,Goal 15: Life on Land,15
22, some things we can do to help include recycling eating a locally based diet that is sustainably sourced and consuming only what we need,https://www.un.org/sustainabledevelopment/biodiversity,diet sustainably,Goal 15: Life on Land,15
23, we must be respectful toward wildlife and only take part in ecotourism opportunities that are responsibly and ethically run in order to prevent wildlife disturbance,https://www.un.org/sustainabledevelopment/biodiversity,wildlife ecotourism,Goal 15: Life on Land,15
24, well managed protected areas support healthy ecosystems which in turn keep people healthy,https://www.un.org/sustainabledevelopment/biodiversity,healthy ecosystems,Goal 15: Life on Land,15
25, it is therefor critical to secure the involvement of the local communities in the development and management of these protected areas,https://www.un.org/sustainabledevelopment/biodiversity,protected areas,Goal 15: Life on Land,15
26, facts and figuresgoal targetslinksfacts and figures,https://www.un.org/sustainabledevelopment/biodiversity,targetslinksfacts figures,Goal 15: Life on Land,15
27,terrestrial ecosystems are vital for sustaining human life contributing to over half of global gdp and encompassing diverse cultural spiritual and economic values,https://www.un.org/sustainabledevelopment/biodiversity,terrestrial ecosystems,Goal 15: Life on Land,15
28, however the world faces a triple crisis of climate change pollution and biodiversity loss,https://www.un.org/sustainabledevelopment/biodiversity,biodiversity loss,Goal 15: Life on Land,15
29, escalating trends of forest loss land degradation and the extinction of species pose a severe threat to both the planet and people,https://www.un.org/sustainabledevelopment/biodiversity,extinction species,Goal 15: Life on Land,15
30, despite some progress in sustainable forest management protected areas and the uptake of national biodiversity values and natural capital accounting most improvements have been modest,https://www.un.org/sustainabledevelopment/biodiversity,sustainable forest,Goal 15: Life on Land,15
31, the recently adopted kunming montreal global biodiversity framework provides renewed impetus for goal outlining four outcome oriented goals to be achieved by and targets to be achieved by ,https://www.un.org/sustainabledevelopment/biodiversity,biodiversity framework,Goal 15: Life on Land,15
32, source the sustainable development goals report goal targets ,https://www.un.org/sustainabledevelopment/biodiversity,sustainable development,Goal 15: Life on Land,15
33, by ensure the conservation restoration and sustainable use of terrestrial and inland freshwater ecosystems and their services in particular forests wetlands mountains and drylands in line with obligations under international agreements ,https://www.un.org/sustainabledevelopment/biodiversity,freshwater ecosystems,Goal 15: Life on Land,15
34, by promote the implementation of sustainable management of all types of forests halt deforestation restore degraded forests and substantially increase afforestation and reforestation globally ,https://www.un.org/sustainabledevelopment/biodiversity,reforestation globally,Goal 15: Life on Land,15
35, by combat desertification restore degraded land and soil including land affected by desertification drought and floods and strive to achieve a land degradation neutral world ,https://www.un.org/sustainabledevelopment/biodiversity,land degradation,Goal 15: Life on Land,15
36, by ensure the conservation of mountain ecosystems including their biodiversity in order to enhance their capacity to provide benefits that are essential for sustainable development ,https://www.un.org/sustainabledevelopment/biodiversity,mountain ecosystems,Goal 15: Life on Land,15
37, take urgent and significant action to reduce the degradation of natural habitats halt the loss of biodiversity and by protect and prevent the extinction of threatened species ,https://www.un.org/sustainabledevelopment/biodiversity,biodiversity 2020,Goal 15: Life on Land,15
38, promote fair and equitable sharing of the benefits arising from the utilization of genetic resources and promote appropriate access to such resources as internationally agreed ,https://www.un.org/sustainabledevelopment/biodiversity,genetic resources,Goal 15: Life on Land,15
39, take urgent action to end poaching and trafficking of protected species of flora and fauna and address both demand and supply of illegal wildlife products ,https://www.un.org/sustainabledevelopment/biodiversity,poaching trafficking,Goal 15: Life on Land,15
40, by introduce measures to prevent the introduction and significantly reduce the impact of invasive alien species on land and water ecosystems and control or eradicate the priority species ,https://www.un.org/sustainabledevelopment/biodiversity,invasive alien,Goal 15: Life on Land,15
41, by integrate ecosystem and biodiversity values into national and local planning development processes poverty reduction strategies and accounts ,https://www.un.org/sustainabledevelopment/biodiversity,biodiversity values,Goal 15: Life on Land,15
42,a mobilize and significantly increase financial resources from all sources to conserve and sustainably use biodiversity and ecosystems ,https://www.un.org/sustainabledevelopment/biodiversity,biodiversity ecosystems,Goal 15: Life on Land,15
43,b mobilize significant resources from all sources and at all levels to finance sustainable forest management and provide adequate incentives to developing countries to advance such management including for conservation and reforestation ,https://www.un.org/sustainabledevelopment/biodiversity,forest management,Goal 15: Life on Land,15
44,c enhance global support for efforts to combat poaching and trafficking of protected species including by increasing the capacity of local communities to pursue sustainable livelihood opportunities links unep convention on biological diversity fao forestry the new york declaration on forests un redd united nations convention to combat desertification international maritime organization international union for conservation of nature fast facts life on land infographic life on land related news,https://www.un.org/sustainabledevelopment/biodiversity,conservation nature,Goal 15: Life on Land,15
45,droughts are causing record devastation worldwide un backed report reveals gallery droughts are causing record devastation worldwide un backed report revealsdpicampaigns t jul worldwide some of the most widespread and damaging drought events in recorded history have occurred in recent years due to climate change and resource depletion,https://www.un.org/sustainabledevelopment/biodiversity,damaging drought,Goal 15: Life on Land,15
46, read full story on un newsread more you have to be able to rule your life the care revolution in latin america gallery you have to be able to rule your life the care revolution in latin americadpicampaigns t jul globally there are ,https://www.un.org/sustainabledevelopment/biodiversity,care revolution,Goal 15: Life on Land,15
47, billion hours of work that the world never pays for because it barely even sees these duties,https://www.un.org/sustainabledevelopment/biodiversity,world pays,Goal 15: Life on Land,15
48, read more indigenous youth meet trailblazers ahead of nelson mandela day gallery indigenous youth meet trailblazers ahead of nelson mandela daydpicampaigns t jul a group of indigenous youth from the united states some as young as seven visited the united nations headquarters in new york this week for the first time,https://www.un.org/sustainabledevelopment/biodiversity,indigenous youth,Goal 15: Life on Land,15
49, read more nextload more postsrelated videosdpicampaigns t droughts are causing record devastation worldwide un backed report revealsworldwide some of the most widespread and damaging drought events in recorded history have occurred in recent years due to climate change and resource depletion,https://www.un.org/sustainabledevelopment/biodiversity,damaging drought,Goal 15: Life on Land,15
50, read full story on un newsdpicampaigns t you have to be able to rule your life the care revolution in latin americaglobally there are ,https://www.un.org/sustainabledevelopment/biodiversity,care revolution,Goal 15: Life on Land,15
51, billion hours of work that the world never pays for because it barely even sees these duties,https://www.un.org/sustainabledevelopment/biodiversity,world pays,Goal 15: Life on Land,15
52, dpicampaigns t indigenous youth meet trailblazers ahead of nelson mandela daya group of indigenous youth from the united states some as young as seven visited the united nations headquarters in new york this week for the first time,https://www.un.org/sustainabledevelopment/biodiversity,youth meet,Goal 15: Life on Land,15
53, the goals read moreread moreread moreread moreread moreread moreread moreread moreread moreread moreread moreread moreread moreread moreread moreread moreread moreread more sdg resources across the unsustainable development knowledge platform united nations sustainable development group united to reform united nations homepage sdg media zone,https://www.un.org/sustainabledevelopment/biodiversity,goals read,Goal 15: Life on Land,15
0,biodiversity and ecosystems department of economic and social affairs sorry you need to enable javascript to visit this website,https://sdgs.un.org/topics/biodiversity-and-ecosystems,biodiversity ecosystems,Goal 15: Life on Land,15
1, skip to main content welcome to the united nations englishfran ais espa ol department of economic and social affairs sustainable development main navigation home sdg knowledge sustainable development goals key topics agenda capacity development publications natural resources forum intergovernmental processes high level political forum on sustainable development un conferences and high level events related to sustainable development multi stakeholder forum on science technology and innovation for the sdgs second committee of the un general assembly samoa pathway ecosoc partnership forum hlpf sids th international conference on small island developing states small island developing states multidimensional vulnerability index for sids united nations sids partnerships awards sids partnership framework sdg actions sdg actions platform faq about the submission of voluntary commitments sdg actions engage events webinars member states un system stakeholder engagement news about topics biodiversity and ecosystems related sdgs protect restore and promote sustainable use ,https://sdgs.un.org/topics/biodiversity-and-ecosystems,sustainable development,Goal 15: Life on Land,15
2, description publications events documents statements milestones description,https://sdgs.un.org/topics/biodiversity-and-ecosystems,description publications,Goal 15: Life on Land,15
3,engage events webinars member states un system stakeholder engagement news about topics biodiversity and ecosystems related sdgs protect restore and promote sustainable use ,https://sdgs.un.org/topics/biodiversity-and-ecosystems,biodiversity ecosystems,Goal 15: Life on Land,15
4, description publications events documents statements milestones description the sustainable development goal of the agenda for sustainable development is devoted to protect restore and promote sustainable use of terrestrial ecosystems sustainably manage forests combat desertification and halt and reverse land degradation and halt biodiversity loss ,https://sdgs.un.org/topics/biodiversity-and-ecosystems,sustainable development,Goal 15: Life on Land,15
5, at the rio conference member states reaffirmed through paragraphs of the outcome document the future we want that intrinsic value of biological diversity as well as the ecological genetic social economic scientific educational cultural recreational and aesthetic values of biological diversity and its critical role in maintaining ecosystems that provide essential services which are critical foundations for sustainable development and human well being ,https://sdgs.un.org/topics/biodiversity-and-ecosystems,biological diversity,Goal 15: Life on Land,15
6, member states also recognized the severity of global biodiversity loss and degradation of ecosystems and stress the negative impact that this situation has on food security nutrition access to water health of the rural poor and people worldwide ,https://sdgs.un.org/topics/biodiversity-and-ecosystems,biodiversity loss,Goal 15: Life on Land,15
7, furthermore the future we want reiterated the importance of implementing the strategic plan for biodiversity and achieving the aichi biodiversity targets adopted at the tenth conference of the parties to the convention,https://sdgs.un.org/topics/biodiversity-and-ecosystems,plan biodiversity,Goal 15: Life on Land,15
8, biodiversity was discussed by the commission on sustainable development on several occasions and was one of the themes of the two year cycle,https://sdgs.un.org/topics/biodiversity-and-ecosystems,biodiversity discussed,Goal 15: Life on Land,15
9, at the world summit on sustainable development held in johannesburg biological diversity was addressed in chapter iv paragraph of the outcome of the summit the johannesburg plan of implementation,https://sdgs.un.org/topics/biodiversity-and-ecosystems,summit sustainable,Goal 15: Life on Land,15
10, the summit also endorsed the target to achieve by a significant reduction of the rate of biodiversity loss at global regional and national levels as a contribution to poverty alleviation and to the benefit of all life on earth which had some months earlier been adopted by the sixth meeting of the cbd conference of parties cop ,https://sdgs.un.org/topics/biodiversity-and-ecosystems,summit endorsed,Goal 15: Life on Land,15
11, conservation of biological diversity is the subject of chapter of agenda which was adopted at the united nations conference on environment and development in in rio de janeiro,https://sdgs.un.org/topics/biodiversity-and-ecosystems,conservation biological,Goal 15: Life on Land,15
12, on the same occasion the united nations convention on biological diversity cbd was opened for signature and remained open for signature until june ,https://sdgs.un.org/topics/biodiversity-and-ecosystems,opened signature,Goal 15: Life on Land,15
13, by that time it had received signatures,https://sdgs.un.org/topics/biodiversity-and-ecosystems,168 signatures,Goal 15: Life on Land,15
14, the convention entered into force on december days after the th ratification,https://sdgs.un.org/topics/biodiversity-and-ecosystems,30th ratification,Goal 15: Life on Land,15
15, the first session of the conference of the parties was scheduled for november december in the bahamas,https://sdgs.un.org/topics/biodiversity-and-ecosystems,1994 bahamas,Goal 15: Life on Land,15
16,publications publication making peace with nature a scientific blueprint to tackle the climate biodiversity and pollution emergencies part i of the report addresses how the current expansive mode of development degrades and exceeds the earth s finite capacity to sustain human well being,https://sdgs.un.org/topics/biodiversity-and-ecosystems,peace nature,Goal 15: Life on Land,15
17, the world is failing to meet most of its commitments to limit environmental damage and this increasingly threatens the achievement of the sustain,https://sdgs.un.org/topics/biodiversity-and-ecosystems,environmental damage,Goal 15: Life on Land,15
18, read the document the future is now science for achieving sustainable development gsdr the global sustainable development report gsdr originated in the rio outcome when member states were laying the groundwork for the agenda and the sustainable development goals sdgs ,https://sdgs.un.org/topics/biodiversity-and-ecosystems,development gsdr,Goal 15: Life on Land,15
19, the negotiators knew that the agenda would be complex and unprecedented in ambition and that the tra,https://sdgs.un.org/topics/biodiversity-and-ecosystems,ambition tra,Goal 15: Life on Land,15
20, read the document publication pathway for increasing nature based solutions in ndcs climate change and biodiversity loss result in profound societal and economical risks,https://sdgs.un.org/topics/biodiversity-and-ecosystems,change biodiversity,Goal 15: Life on Land,15
21, at the cop in paris in december parties to the unfccc decided to strengthen the global response to the threat of climate change through the adoption of the paris agreement,https://sdgs.un.org/topics/biodiversity-and-ecosystems,paris agreement,Goal 15: Life on Land,15
22, read the document transforming our world the agenda for sustainable development this agenda is a plan of action for people planet and prosperity,https://sdgs.un.org/topics/biodiversity-and-ecosystems,agenda sustainable,Goal 15: Life on Land,15
23, it also seeks to strengthen universal peace in larger freedom we recognize that eradicating poverty in all its forms and dimensions including extreme poverty is the greatest global challenge and an indispensable requirement for su,https://sdgs.un.org/topics/biodiversity-and-ecosystems,eradicating poverty,Goal 15: Life on Land,15
24, read the document synthetic biology synthetic biology falls within the scope of biotechnology as defined by the convention on biological diversity i,https://sdgs.un.org/topics/biodiversity-and-ecosystems,synthetic biology,Goal 15: Life on Land,15
25, any technological application that uses biological systems living organisms or derivatives thereof to make or modify products or processes for specific use,https://sdgs.un.org/topics/biodiversity-and-ecosystems,uses biological,Goal 15: Life on Land,15
26, read the document how sectors can contribute to sustainable use and conservation of biodiversity biodiversity is an important element of our natural capital,https://sdgs.un.org/topics/biodiversity-and-ecosystems,biodiversity important,Goal 15: Life on Land,15
27,ongoing loss of biodiversity as a result of a short term focus has to be halted in view of long term responsibilities and benefits,https://sdgs.un.org/topics/biodiversity-and-ecosystems,loss biodiversity,Goal 15: Life on Land,15
28, a focus on the sustainable use and conservation of biodiversity in primary sectors will help to realize ,https://sdgs.un.org/topics/biodiversity-and-ecosystems,biodiversity primary,Goal 15: Life on Land,15
29, read the document connecting global priorities biodiversity and human health biodiversity ecosystems and the essential services that they deliver are central pillars for all life on the planet including human life,https://sdgs.un.org/topics/biodiversity-and-ecosystems,priorities biodiversity,Goal 15: Life on Land,15
30, they are sources of food and essential nutrients medicines and medicinal compounds fuel energy livelihoods and cultural and spiritual enrichment,https://sdgs.un.org/topics/biodiversity-and-ecosystems,sources food,Goal 15: Life on Land,15
31, read the document sids partnerships briefs oceans seas amp biodiversity the third international conference on small island developing states sids conference will be held from to september in apia samoa with the overarching theme as the sustainable development of small island developing states through genuine and durable partnerships ,https://sdgs.un.org/topics/biodiversity-and-ecosystems,sids partnerships,Goal 15: Life on Land,15
32, read the document china sustainable development report the road to ecological civilization the next decade ,https://sdgs.un.org/topics/biodiversity-and-ecosystems,china sustainable,Goal 15: Life on Land,15
33, read the document iran energy and sustainable development in iran iran is heavily reliant on energy intensive industries for domestic economic production and export,https://sdgs.un.org/topics/biodiversity-and-ecosystems,iran energy,Goal 15: Life on Land,15
34, it also has a high dependence on oil products to meet primary energy needs and for its petrochemical and metal industries,https://sdgs.un.org/topics/biodiversity-and-ecosystems,needs petrochemical,Goal 15: Life on Land,15
35, despite diversification of energy sources for domestic consumption energy pr,https://sdgs.un.org/topics/biodiversity-and-ecosystems,consumption energy,Goal 15: Life on Land,15
36, read the document indonesia low carbon development options for indonesia the report on low carbon development options for indonesia produced by the world bank in collaboration with the ministry of finance for indonesia puts forward a series of economic development options for indonesia that will help in the transition to a green economy,https://sdgs.un.org/topics/biodiversity-and-ecosystems,finance indonesia,Goal 15: Life on Land,15
37, read the document thailand supporting sustainable development in thailand a geographic clusters approach market forces and government policies including the tenth national development plan are moving thailand toward a more geographically specialized economy,https://sdgs.un.org/topics/biodiversity-and-ecosystems,thailand geographically,Goal 15: Life on Land,15
38, there is a growing consensus that thailand s comparative and competitive advantages lie in amenity services that have high reliance,https://sdgs.un.org/topics/biodiversity-and-ecosystems,thailand comparative,Goal 15: Life on Land,15
39, read the document pagination next page last last page events see all events may mon st plenary in accordance with general assembly resolution a conf,https://sdgs.un.org/topics/biodiversity-and-ecosystems,events 2024,Goal 15: Life on Land,15
40, inf the first plenary meeting the conference will elect the president of the conference and hear statements in the following order the president of the conference the secretary general of the united nations the president of the ge plenary hall the american university of antigua antigua and barbuda jul tue fri sdgs learning training and practice please watch the recordings of all sessions nbsp here,https://sdgs.un.org/topics/biodiversity-and-ecosystems,plenary meeting,Goal 15: Life on Land,15
41, nbsp introduction the united nations high level political forum on sustainable development hlpf in will be held from tuesday july to thursday july and from monday july to friday july under the auspices of the econ hybrid virtual jul tue launch of e learning course on harnessing climate and sdgs synergies the world community faces major crises at the same time the global covid public health crisis is worsening in many countries causing loss of life human suffering and economic and social stress at levels not seen in decades,https://sdgs.un.org/topics/biodiversity-and-ecosystems,hlpf 2022,Goal 15: Life on Land,15
42, there is continued poverty in many countries across the world with i online via zoom webinar sep wed united nations summit on biodiversity online sep wed biodiversity the ocean s role marine life the world s climate our economy and social well being depend on the existence of a healthy ocean,https://sdgs.un.org/topics/biodiversity-and-ecosystems,biodiversity ocean,Goal 15: Life on Land,15
43, although some improvements have been observed recent assessments show that the ocean continues to be exploited in an unsustainable manner,https://sdgs.un.org/topics/biodiversity-and-ecosystems,ocean continues,Goal 15: Life on Land,15
44, climate change and competition for natural resou,https://sdgs.un.org/topics/biodiversity-and-ecosystems,climate change,Goal 15: Life on Land,15
45,virtual event ny time sep wed biodiversity the ocean s role marine life the world s climate our economy and social well being depend on the existence of a healthy ocean,https://sdgs.un.org/topics/biodiversity-and-ecosystems,biodiversity ocean,Goal 15: Life on Land,15
46, although some improvements have been observed recent assessments show that the ocean continues to be exploited in an unsustainable manner,https://sdgs.un.org/topics/biodiversity-and-ecosystems,ocean continues,Goal 15: Life on Land,15
47, climate change and competition for natural resou virtual event ny time jun sun wed unep environment assembly online may mon fri united nations forum on forests nov sat thu fourteenth meeting of the conference of the parties to the convention on biological diversity cop sharm el sheikh egypt may mon tue expert group meeting on sustainable development goal progress and prospects in preparation for the hlpf the division for sustainable development goals of the department of economic and social affairs dsdg desa organized an expert group meeting egm on sdg and its role in advancing sustainable development through implementation of the agenda in partnership unhq new york usa displaying of title type date remarks by ambassador peter thomson unsg s special envoy for the ocean at cbd plenary high level segment december montreal canada statements dec flyer biodiversity the ocean s role other documents sep a implementation of united nations environmental conventions secretary general reports jul agenda on expert group meeting on sustainable development goal progress and prospects programme mar concept note on expert group meeting on sustainable development goal progress and prospects other documents mar a implementation of world wildlife day secretary general reports jul a sustainable development report of the second committee resolutions and decisions dec a add,https://sdgs.un.org/topics/biodiversity-and-ecosystems,climate change,Goal 15: Life on Land,15
48, harmony with nature report of the second committee resolutions and decisions dec a add,https://sdgs.un.org/topics/biodiversity-and-ecosystems,harmony nature,Goal 15: Life on Land,15
49, convention on biological diversity report of the second committee resolutions and decisions dec a implementation of united nations environmental conventions secretary general reports jul a res addis ababa action agenda of the third international conference on financing for development addis resolutions and decisions jul a res development of an international legally binding instrument under unclos on the conservation and resolutions and decisions jul conclusions and recommendations of un symposium in tehran meeting reports nov outcome document introduction to the proposal of the open working group for sustainable development goals outcome documents jul ,https://sdgs.un.org/topics/biodiversity-and-ecosystems,nations environmental,Goal 15: Life on Land,15
50,conclusions and recommendations of un symposium in tehran meeting reports nov outcome document introduction to the proposal of the open working group for sustainable development goals outcome documents jul tst issues brief biodiversity technical support team tst issues briefs nov pagination next next page last last page displaying of title category date sort ascending mr,https://sdgs.un.org/topics/biodiversity-and-ecosystems,biodiversity technical,Goal 15: Life on Land,15
51, in thoeun deputy director ministry of tourism phnom penh cambodia session ,https://sdgs.un.org/topics/biodiversity-and-ecosystems,cambodia session,Goal 15: Life on Land,15
52, duranga silva sri lanka tourism senior lecturer and coordinator of tourism studies session oct mr,https://sdgs.un.org/topics/biodiversity-and-ecosystems,lanka tourism,Goal 15: Life on Land,15
53, hitesh metha hm design kenya session oct mr,https://sdgs.un.org/topics/biodiversity-and-ecosystems,design kenya,Goal 15: Life on Land,15
54, alex a kerr jr chiiori trust kameoka shi city japan session oct ms,https://sdgs.un.org/topics/biodiversity-and-ecosystems,trust kameoka,Goal 15: Life on Land,15
55, susanna aghajanyan armenian institute of tourism session oct klaus lengefeld senior advisor sustainable tourism development programmes german session oct mr,https://sdgs.un.org/topics/biodiversity-and-ecosystems,sustainable tourism,Goal 15: Life on Land,15
56, ralph wahnschafft senior advisor sustainable development policies berlin germany session ,https://sdgs.un.org/topics/biodiversity-and-ecosystems,sustainable development,Goal 15: Life on Land,15
57, fen wei consultant world bank session oct mr,https://sdgs.un.org/topics/biodiversity-and-ecosystems,world bank,Goal 15: Life on Land,15
58, morteza sharifi ministry of agriculture of i,https://sdgs.un.org/topics/biodiversity-and-ecosystems,morteza sharifi,Goal 15: Life on Land,15
59, oct mr sang in kang senior expert global strategy center korea environment institute session ,https://sdgs.un.org/topics/biodiversity-and-ecosystems,korea environment,Goal 15: Life on Land,15
60, venkata rao pondicherry university puducherry india session oct pagination next next page last last page milestones january sdg biodiversity among the multiple challenges to sustainable development enumerated in paragraph of the agenda for sustainable development a particular attention is devoted to natural resources depletion and the adverse impacts of environmental degradation including loss of biodiversity,https://sdgs.un.org/topics/biodiversity-and-ecosystems,loss biodiversity,Goal 15: Life on Land,15
61, through paragraph the agenda for sustainable development focuses on the linkage between sustainable management of the planet s natural resources and social and economic development and reaffirms the determination of member states to protect biodiversity ecosystems and wildlife,https://sdgs.un.org/topics/biodiversity-and-ecosystems,sustainable development,Goal 15: Life on Land,15
62, in the framework of the sustainable development goals sdg aims to protect restore and promote sustainable use of terrestrial ecosystems sustainably manage forests combat desertification and halt and reverse land degradation and halt biodiversity loss ,https://sdgs.un.org/topics/biodiversity-and-ecosystems,sustainable development,Goal 15: Life on Land,15
63,in the framework of the sustainable development goals sdg aims to protect restore and promote sustainable use of terrestrial ecosystems sustainably manage forests combat desertification and halt and reverse land degradation and halt biodiversity loss ,https://sdgs.un.org/topics/biodiversity-and-ecosystems,sustainable development,Goal 15: Life on Land,15
64, reads take urgent and significant action to reduce the degradation of natural habitats halt the loss of biodiversity and by protect and prevent the extinction of threatened species ,https://sdgs.un.org/topics/biodiversity-and-ecosystems,prevent extinction,Goal 15: Life on Land,15
65, january future we want para biodiversity is the subject of paragraphs of future we want,https://sdgs.un.org/topics/biodiversity-and-ecosystems,biodiversity subject,Goal 15: Life on Land,15
66, in that context member states reaffirm the intrinsic value of biological diversity as well as the ecological genetic social economic scientific educational cultural recreational and aesthetic values of biological diversity and its critical role in maintaining ecosystems that provide essential services which are critical foundations for sustainable development and human well being ,https://sdgs.un.org/topics/biodiversity-and-ecosystems,diversity ecological,Goal 15: Life on Land,15
67, member states also recognize the severity of global biodiversity loss and degradation of ecosystems and stress the negative impact that this situation has on food security nutrition access to water health of the rural poor and people worldwide ,https://sdgs.un.org/topics/biodiversity-and-ecosystems,biodiversity loss,Goal 15: Life on Land,15
68, future we want also reiterates the commitment of member states in the achievement of the three objectives enunciated in the convention on biological diversity and reaffirms through paragraph the importance of implementing the strategic plan for biodiversity and achieving the aichi biodiversity targets adopted at the tenth conference of the parties to the convention,https://sdgs.un.org/topics/biodiversity-and-ecosystems,plan biodiversity,Goal 15: Life on Land,15
69, january un decade on biodiversity with the adoption of resolution the un general assembly declared the period to be the united nations decade on biodiversity with a view to contributing to the implementation of the strategic plan for biodiversity for the period ,https://sdgs.un.org/topics/biodiversity-and-ecosystems,decade biodiversity,Goal 15: Life on Land,15
70, the decade has been established in order to support the implementation of the strategic plan for biodiversity and promote its overall vision of living in harmony with nature,https://sdgs.un.org/topics/biodiversity-and-ecosystems,plan biodiversity,Goal 15: Life on Land,15
71, it has aimed at mainstreaming biodiversity at different levels,https://sdgs.un.org/topics/biodiversity-and-ecosystems,mainstreaming biodiversity,Goal 15: Life on Land,15
72, throughout the united nations decade on biodiversity governments have been encouraged to develop implement and communicate the results of national strategies for implementation of the strategic plan for biodiversity,https://sdgs.un.org/topics/biodiversity-and-ecosystems,plan biodiversity,Goal 15: Life on Land,15
73, biodiversity was discussed by the commission on sustainable development on several occasions and was one of the themes of the two year cycle,https://sdgs.un.org/topics/biodiversity-and-ecosystems,biodiversity discussed,Goal 15: Life on Land,15
74, csd was held in may to negotiate policy options related to the thematic cluster for the csd cycle transport chemicals waste management mining and the ten year framework of programmes yfp on sustainable consumption and production scp patterns,https://sdgs.un.org/topics/biodiversity-and-ecosystems,10yfp sustainable,Goal 15: Life on Land,15
75, january international year of biodiversity the united nations declared as international year of biodiversity to highlight the crucial role that biodiversity has in the lives of each individual raise awareness of the actions taken by people worldwide to fight against biodiversity loss and increase understanding of the vital role that biodiversity plays in sustaining life on earth,https://sdgs.un.org/topics/biodiversity-and-ecosystems,year biodiversity,Goal 15: Life on Land,15
76, in the world summit on sustainable development in johannesburg addresses biological diversity in chapter paragraph of the johannesburg plan of implementation,https://sdgs.un.org/topics/biodiversity-and-ecosystems,development johannesburg,Goal 15: Life on Land,15
77, the johannesburg summit also endorses the target to achieve by a significant reduction of the rate of biodiversity loss at global regional and national levels as a contribution to poverty alleviation and to the benefit of all life on earth which had some months earlier been adopted by the sixth meeting of the cbd conference of parties cop ,https://sdgs.un.org/topics/biodiversity-and-ecosystems,johannesburg summit,Goal 15: Life on Land,15
78, january millennium ecosystem assessment the millennium ecosystem assessment ma was launched in with the aim of appraising the impact that ecosystem change have on human well being and of identifying the scientific basis for action to ensure a better conservation and sustainable use of these systems,https://sdgs.un.org/topics/biodiversity-and-ecosystems,millennium ecosystem,Goal 15: Life on Land,15
79, january un cbd the convention on biological diversity was inspired by the rising commitment of the international community towards sustainable development,https://sdgs.un.org/topics/biodiversity-and-ecosystems,biological diversity,Goal 15: Life on Land,15
80, it represents a historical step forward in the conservation of biological diversity the sustainable use of its components as well as the fair and equitable sharing of benefits arising from the use of genetic resources,https://sdgs.un.org/topics/biodiversity-and-ecosystems,biological diversity,Goal 15: Life on Land,15
81, chapter is devoted to conservation of biological diversity and is intended to improve the conservation of biological diversity and the sustainable use of biological resources as well as to support the convention on biological diversity ,https://sdgs.un.org/topics/biodiversity-and-ecosystems,biological diversity,Goal 15: Life on Land,15
82, events see all events may st plenary mon mon may related goals jul sdgs learning training and practice tue fri jul related goals jul launch of e learning course on harnessing climate and sdgs synergies tue tue jul related goals sep biodiversity the ocean s role wed wed sep related goals news see all news oct glowing glowing gone message from ambassador peter thomson un secretary general s special envoy for the ocean my hometown in the south pacific is surrounded on three sides by a coral barrier reef,https://sdgs.un.org/topics/biodiversity-and-ecosystems,ocean role,Goal 15: Life on Land,15
83, that reef is our true interface with the ocean and the protection it provides along with its wide navigable passage is the very reason our town exists in the first place,https://sdgs.un.org/topics/biodiversity-and-ecosystems,reef,Goal 15: Life on Land,15
84, i find it incredibly difficult to imagin related goals join the conversation footer menu contact copyright fraud alert privacy notice terms of use,https://sdgs.un.org/topics/biodiversity-and-ecosystems,copyright fraud,Goal 15: Life on Land,15
0,forests department of economic and social affairs sorry you need to enable javascript to visit this website,https://sdgs.un.org/topics/forests,forests department,Goal 15: Life on Land,15
1, skip to main content welcome to the united nations englishfran ais espa ol department of economic and social affairs sustainable development main navigation home sdg knowledge sustainable development goals key topics agenda capacity development publications natural resources forum intergovernmental processes high level political forum on sustainable development un conferences and high level events related to sustainable development multi stakeholder forum on science technology and innovation for the sdgs second committee of the un general assembly samoa pathway ecosoc partnership forum hlpf sids th international conference on small island developing states small island developing states multidimensional vulnerability index for sids united nations sids partnerships awards sids partnership framework sdg actions sdg actions platform faq about the submission of voluntary commitments sdg actions engage events webinars member states un system stakeholder engagement news about topics forests related sdgs protect restore and promote sustainable use ,https://sdgs.un.org/topics/forests,sustainable development,Goal 15: Life on Land,15
2, description publications events documents statements milestones description,https://sdgs.un.org/topics/forests,description publications,Goal 15: Life on Land,15
3,sustainable development goal aims to protect restore and promote sustainable use of terrestrial ecosystems sustainably manage forests combat desertification and halt and reverse land degradation and halt biodiversity loss ,https://sdgs.un.org/topics/forests,sustainable development,Goal 15: Life on Land,15
4, forests have a significant role in reducing the risk of natural disasters including floods droughts landslides and other extreme events,https://sdgs.un.org/topics/forests,forests significant,Goal 15: Life on Land,15
5, at global level forests mitigate climate change through carbon sequestration contribute to the balance of oxygen carbon dioxide and humidity in the air and protect watersheds which supply of freshwater worldwide,https://sdgs.un.org/topics/forests,forests mitigate,Goal 15: Life on Land,15
6, investing in forests and forestry represent an investment in people and their livelihoods especially the rural poor youth and women,https://sdgs.un.org/topics/forests,investing forests,Goal 15: Life on Land,15
7, billion people including more than indigenous cultures depend on forests for their livelihood,https://sdgs.un.org/topics/forests,forests livelihood,Goal 15: Life on Land,15
8, forests are the most biologically diverse ecosystems on land home to more than of the terrestrial species of animals plants and insects,https://sdgs.un.org/topics/forests,forests biologically,Goal 15: Life on Land,15
9, they also provide shelter jobs and security for forest dependent communities,https://sdgs.un.org/topics/forests,shelter jobs,Goal 15: Life on Land,15
10, therefore the future of forests and forestry in sustainable development at all levels was at the core of the xiv world forestry hosted in durban from to september ,https://sdgs.un.org/topics/forests,forestry sustainable,Goal 15: Life on Land,15
11, the durban declaration called for new partnerships among forest agriculture finance energy water and other sectors as well the engagement with indigenous people and local community,https://sdgs.un.org/topics/forests,durban declaration,Goal 15: Life on Land,15
12, the importance of investing in world s forests and of taking political commitment at the highest levels smart policies effective law enforcement innovative partnerships and funding was also recalled by the un secretary general mr ban ki moon in his message on the occasion of the international day of forests,https://sdgs.un.org/topics/forests,world forests,Goal 15: Life on Land,15
13, both the international day of forests launched in and the international year of forest proclaimed for aimed at raising awareness on the importance of all types of forests and of trees outside forests,https://sdgs.un.org/topics/forests,forests launched,Goal 15: Life on Land,15
14, prior to the agenda for sustainable development the outcome document of the rio conference the future we want in its paragraphs stress the importance of improving the livelihoods of people and communities by creating the conditions required to sustainably manage forests,https://sdgs.un.org/topics/forests,manage forests,Goal 15: Life on Land,15
15, it also recognizes the role of the un forum on forests in addressing forest related issues in a holistic and integrated manner and in promoting international policy coordination and cooperation in order to achieve forest management,https://sdgs.un.org/topics/forests,forest management,Goal 15: Life on Land,15
16, paragraph calls for the mainstreaming of sustainable forest management and practises into economic policy and decision making,https://sdgs.un.org/topics/forests,sustainable forest,Goal 15: Life on Land,15
17, chapter of agenda is entitled combating deforestation and is devoted to sustain the multiple roles and functions of all types of forests forest lands and woodlands,https://sdgs.un.org/topics/forests,combating deforestation,Goal 15: Life on Land,15
18, on one side the agenda highlights the major weaknesses in the policies methods and mechanisms adopted to support trees forests and forest lands and the multiple ecological economic social and cultural roles,https://sdgs.un.org/topics/forests,trees forests,Goal 15: Life on Land,15
19, therefore on the other side it identifies among its objectives the strengthening of forest related national institutions the enhancement of the scope and effectiveness of activities related to the management conservation and sustainable development of forests and the sustainable utilization and production of forests goods and services in both the developed and the developing countries,https://sdgs.un.org/topics/forests,forests sustainable,Goal 15: Life on Land,15
20, the agenda also mentions the importance to improve human technical and professional skills as well as expertise and capabilities to effectively formulate and implement policies plans programmes research and projects on management conservation and sustainable development of all types of forests and forest based resources and forest lands inclusive as well as other areas from which forest benefits can be derived,https://sdgs.un.org/topics/forests,forest benefits,Goal 15: Life on Land,15
21,publications publication making peace with nature a scientific blueprint to tackle the climate biodiversity and pollution emergencies part i of the report addresses how the current expansive mode of development degrades and exceeds the earth s finite capacity to sustain human well being,https://sdgs.un.org/topics/forests,peace nature,Goal 15: Life on Land,15
22, the world is failing to meet most of its commitments to limit environmental damage and this increasingly threatens the achievement of the sustain,https://sdgs.un.org/topics/forests,environmental damage,Goal 15: Life on Land,15
23, read the document publication pathway for increasing nature based solutions in ndcs climate change and biodiversity loss result in profound societal and economical risks,https://sdgs.un.org/topics/forests,change biodiversity,Goal 15: Life on Land,15
24, at the cop in paris in december parties to the unfccc decided to strengthen the global response to the threat of climate change through the adoption of the paris agreement,https://sdgs.un.org/topics/forests,paris agreement,Goal 15: Life on Land,15
25, read the document transforming our world the agenda for sustainable development this agenda is a plan of action for people planet and prosperity,https://sdgs.un.org/topics/forests,agenda sustainable,Goal 15: Life on Land,15
26, it also seeks to strengthen universal peace in larger freedom we recognize that eradicating poverty in all its forms and dimensions including extreme poverty is the greatest global challenge and an indispensable requirement for su,https://sdgs.un.org/topics/forests,eradicating poverty,Goal 15: Life on Land,15
27, read the document unasylva forests trees and disasters this double issue of unasylva aims to tease out the complex interrelationship between forests trees and disasters and to examine the ways in which forests and trees can best be managed both to resist shocks and to protect from shocks,https://sdgs.un.org/topics/forests,trees disasters,Goal 15: Life on Land,15
28, the issue published to coincide with the world conference on d,https://sdgs.un.org/topics/forests,world conference,Goal 15: Life on Land,15
29, read the document why mountains matters for forests and biodiversity a call for action on the sustainable development goals sdgs mountains cover of the world land surface and directly support of the wold s population living within mountain regions,https://sdgs.un.org/topics/forests,sdgs mountains,Goal 15: Life on Land,15
30, sustainable mountain developmetn should be a global priority given the multitude of ecosystem goods and services that mountain provide,https://sdgs.un.org/topics/forests,sustainable mountain,Goal 15: Life on Land,15
31, read the document natural resources forum special issue forests the journal considers papers on all topics relevant to sustainable development,https://sdgs.un.org/topics/forests,forests journal,Goal 15: Life on Land,15
32, in addition it dedicates series issues and special sections to specific themes that are relevant to the current discussions of the united nations commission on sustainable development csd ,https://sdgs.un.org/topics/forests,sustainable development,Goal 15: Life on Land,15
33, read the document china sustainable development report the road to ecological civilization the next decade ,https://sdgs.un.org/topics/forests,china sustainable,Goal 15: Life on Land,15
34, read the document indonesia low carbon development options for indonesia the report on low carbon development options for indonesia produced by the world bank in collaboration with the ministry of finance for indonesia puts forward a series of economic development options for indonesia that will help in the transition to a green economy,https://sdgs.un.org/topics/forests,finance indonesia,Goal 15: Life on Land,15
35, read the document thailand supporting sustainable development in thailand a geographic clusters approach market forces and government policies including the tenth national development plan are moving thailand toward a more geographically specialized economy,https://sdgs.un.org/topics/forests,thailand geographically,Goal 15: Life on Land,15
36, there is a growing consensus that thailand s comparative and competitive advantages lie in amenity services that have high reliance,https://sdgs.un.org/topics/forests,thailand comparative,Goal 15: Life on Land,15
37,there is a growing consensus that thailand s comparative and competitive advantages lie in amenity services that have high reliance,https://sdgs.un.org/topics/forests,thailand comparative,Goal 15: Life on Land,15
38, read the document mexico low carbon development for mexico the low carbon development for mexico report by esmap provides an analysis of how mexico is able to substantially reduce its carbon emissions whilst at the same time growing the economy,https://sdgs.un.org/topics/forests,analysis mexico,Goal 15: Life on Land,15
39, the document begins by asserting that low carbon development is indeed possible in mexico however there are man,https://sdgs.un.org/topics/forests,carbon development,Goal 15: Life on Land,15
40, read the document ukraine oecd investment policy reviews ukraine the oecd investment policy review of ukraine assesses the country s ability to comply with the principles of liberalisation transparency and nondiscrimination and to bring its investment policy closer to recognised international standards such as the oecd declaration on international investmen,https://sdgs.un.org/topics/forests,ukraine oecd,Goal 15: Life on Land,15
41, read the document brazil low carbon country case study in order to mitigate the impacts of climate change the world must drastically reduce global ghg emissions in the coming decades,https://sdgs.un.org/topics/forests,climate change,Goal 15: Life on Land,15
42, according to the ipcc to prevent the global mean temperature from rising over oc atmospheric ghg concentrations must be stabilized at ppm,https://sdgs.un.org/topics/forests,atmospheric ghg,Goal 15: Life on Land,15
43, read the document pagination next page last last page events see all events jun sun wed unep environment assembly online may mon fri united nations forum on forests nov sat thu fourteenth meeting of the conference of the parties to the convention on biological diversity cop sharm el sheikh egypt may mon tue expert group meeting on sustainable development goal progress and prospects in preparation for the hlpf the division for sustainable development goals of the department of economic and social affairs dsdg desa organized an expert group meeting egm on sdg and its role in advancing sustainable development through implementation of the agenda in partnership unhq new york usa sep tue wed third forum of the standing committee on finance enhancing coherence and coordination of forest financing the forum will delve into the issues of coherence and coordination in the implementation of redd plus activities including in relation to the transfer of payments for results based actions and alternative approaches,https://sdgs.un.org/topics/forests,sustainable development,Goal 15: Life on Land,15
44,the forum will also look at finance for forests in the context of a durban south africa sep mon fri th world forestry congress in the congress will be a key occasion for the world s foresters and forest supporters to gather to share their expertise and experience and to project a new vision for the future,https://sdgs.un.org/topics/forests,finance forests,Goal 15: Life on Land,15
45, this xiv congress will be crucial as the world will be entering a new development era with the adoption of the p durban south africa jul thu ,https://sdgs.un.org/topics/forests,africa 2015,Goal 15: Life on Land,15
46,durban south africa jul thu th european forestry commission created in the european forestry commission efc is one of six regional forestry commissions established by fao to provide a policy and technical forum for countries to discuss and address forest issues on a regional basis,https://sdgs.un.org/topics/forests,commission efc,Goal 15: Life on Land,15
47, the efc has a number of associated subsidi engelberg switzerland jun mon wed united nations conference on sustainable development rio the united nations conference on sustainable development uncsd was organized in pursuance of general assembly resolution a res ,https://sdgs.un.org/topics/forests,sustainable development,Goal 15: Life on Land,15
48, the conference took place in brazil from to june to mark the th anniversary of the united nations conference on environment and developm rio de janeiro brazil sep fri sat msi five year review of the mauritius strategy of implementation new york usa displaying of title type date flyer un forum on forests in sdg pavillion december other documents dec flyer un forum on forests in sdg pavillion december other documents dec hlpf review of sdgs implementation sdg background notes jul agenda on expert group meeting on sustainable development goal progress and prospects programme mar concept note on expert group meeting on sustainable development goal progress and prospects other documents mar a add,https://sdgs.un.org/topics/forests,forests sdg,Goal 15: Life on Land,15
49, implementation of agenda the programme for the further implementation of agenda and the resolutions and decisions dec a sustainable development report of the second committee resolutions and decisions dec e cn,https://sdgs.un.org/topics/forests,agenda 21,Goal 15: Life on Land,15
50, international arrangements on forests beyond resolutions and decisions may e cn,https://sdgs.un.org/topics/forests,forests 2015,Goal 15: Life on Land,15
51, international arrangement on the forests we want beyond other documents may tst issues brief forests technical support team tst issues briefs oct un habitat urban and peri urban agriculture and forestry as a strategy for climate change adaptation other documents feb e cn,https://sdgs.un.org/topics/forests,forests technical,Goal 15: Life on Land,15
52, pc review of progress in forests secretary general reports mar e cn,https://sdgs.un.org/topics/forests,forests secretary,Goal 15: Life on Land,15
53, report of the intergovernmental forum on forests on its fourth session meeting reports mar e cn,https://sdgs.un.org/topics/forests,forests,Goal 15: Life on Land,15
54, report of panel on forests on its second session meeting reports apr e cn,https://sdgs.un.org/topics/forests,panel forests,Goal 15: Life on Land,15
55, progress report of panel on forests meeting reports apr pagination next next page,https://sdgs.un.org/topics/forests,forests meeting,Goal 15: Life on Land,15
56, progress report of panel on forests meeting reports apr pagination next next page last last page displaying of title category date sort ascending uganda oceans and seas forests biodiversity feb finland oceans and seas forests biodiversity feb food and agriculture organization of the united nations fao oceans and seas forests biodiversity feb france germany and switzerland oceans and seas forests biodiversity feb major group women co chairs meetings with major groups feb nepal oceans and seas forests biodiversity feb cyprus singapore and united arab emirates oceans and seas forests biodiversity feb major group women co chairs meetings with major groups feb poland and romania oceans and seas forests biodiversity feb major group science technology oceans and seas forests biodiversity feb japan oceans and seas forests biodiversity feb global forest coalition co chairs meetings with major groups feb major group women co chairs meetings with major groups feb gabon on behalf of forest oceans and seas forests biodiversity feb maldives oceans and seas forests biodiversity feb pagination next next page last last page milestones january sdg forests as far as forests are concerned target ,https://sdgs.un.org/topics/forests,forests biodiversity,Goal 15: Life on Land,15
57, includes forests among the terrestrial ecosystems whose conservation restoration and sustainable use have to be ensured by ,https://sdgs.un.org/topics/forests,ecosystems conservation,Goal 15: Life on Land,15
58, is committed to promote the implementation of sustainable management of all types of forests halt deforestation restore degraded forests and substantially increase afforestation and reforestation globally by ,https://sdgs.un.org/topics/forests,afforestation reforestation,Goal 15: Life on Land,15
59,b calls to mobilize significant resources from all sources and at all levels to finance sustainable forest management and provide adequate incentives to developing countries to advance such management including for conservation and reforestation ,https://sdgs.un.org/topics/forests,forest management,Goal 15: Life on Land,15
60, january st international forest day adopted on st december resolution a res declared march as international day of forests and invited all member states to commit themselves in the design and planning of activities related to all types of forests including tree planting and other community level events,https://sdgs.un.org/topics/forests,day forests,Goal 15: Life on Land,15
61, january future we want para the future we want in its paragraphs stresses the importance of improving the livelihoods of people and communities by creating the conditions required to sustainably manage forests,https://sdgs.un.org/topics/forests,2012 future,Goal 15: Life on Land,15
62, it also recognizes the role of the un forum on forests in addressing forest related issues in a holistic and integrated manner and in promoting international policy coordination and cooperation in order to achieve forest management,https://sdgs.un.org/topics/forests,forest management,Goal 15: Life on Land,15
63, paragraph calls for the mainstreaming of sustainable forest management and practises into economic policy and decision making,https://sdgs.un.org/topics/forests,sustainable forest,Goal 15: Life on Land,15
64,paragraph calls for the mainstreaming of sustainable forest management and practises into economic policy and decision making,https://sdgs.un.org/topics/forests,sustainable forest,Goal 15: Life on Land,15
65, january international year of forest was proclaimed by the un general assembly as international year of forest to raise awareness on strengthening the sustainable management conservation and sustainable development of all types of forests for the benefit of current and future generations,https://sdgs.un.org/topics/forests,forest 2011,Goal 15: Life on Land,15
66, in that context the ga also requested the un forum on forests secretariat unff to serve as the focal point for forests in collaboration with governments the collaborative partnership on forests cpf major groups and other relevant organisations,https://sdgs.un.org/topics/forests,forests secretariat,Goal 15: Life on Land,15
67, january un forum on forest by resolution the un ecosoc established the united nations forum on forests as a subsidiary body aimed at promoting on the basis of agenda the rio declaration and the forest principles,https://sdgs.un.org/topics/forests,nations forum,Goal 15: Life on Land,15
68, in paragraph d of chapter the commission for sustainable development at its third session devoted its attention to the review of sectoral clusters such as forests,https://sdgs.un.org/topics/forests,clusters forests,Goal 15: Life on Land,15
69, at this particular session csd also established the intergovernmental panel on forests ipf ,https://sdgs.un.org/topics/forests,intergovernmental panel,Goal 15: Life on Land,15
70, in chapter of agenda the agenda highlights the major weaknesses in the policies methods and mechanisms adopted to support trees forests and forest lands and the multiple ecological economic social and cultural roles,https://sdgs.un.org/topics/forests,trees forests,Goal 15: Life on Land,15
71, at the same time the agenda identifies among its objectives the strengthening of forest related national institutions the enhancement of the scope and effectiveness of activities related to the management conservation and sustainable development of forests as well as the sustainable utilization and production of forests goods and services in both developed and developing countries,https://sdgs.un.org/topics/forests,forests sustainable,Goal 15: Life on Land,15
72, the agenda also mentions the importance to improve human technical and professional skills as well as expertise and capabilities to effectively formulate and implement policies plans programmes research and projects on management conservation and sustainable development of all types of forests forest based resources and forest lands inclusive as well as other areas from which forest benefits can be derived,https://sdgs.un.org/topics/forests,forest benefits,Goal 15: Life on Land,15
73, events see all events jun unep environment assembly sun wed jun related goals may united nations forum on forests mon fri may related goals nov fourteenth meeting of the conference of the parties to the convention on biological diversity cop sat thu nov related goals may expert group meeting on sustainable development goal progress and prospects mon tue may join the conversation footer menu contact copyright fraud alert privacy notice terms of use,https://sdgs.un.org/topics/forests,biological diversity,Goal 15: Life on Land,15
0,mountains department of economic and social affairs sorry you need to enable javascript to visit this website,https://sdgs.un.org/topics/mountains,mountains department,Goal 15: Life on Land,15
1, skip to main content welcome to the united nations englishfran ais espa ol department of economic and social affairs sustainable development main navigation home sdg knowledge sustainable development goals key topics agenda capacity development publications natural resources forum intergovernmental processes high level political forum on sustainable development un conferences and high level events related to sustainable development multi stakeholder forum on science technology and innovation for the sdgs second committee of the un general assembly samoa pathway ecosoc partnership forum hlpf sids th international conference on small island developing states small island developing states multidimensional vulnerability index for sids united nations sids partnerships awards sids partnership framework sdg actions sdg actions platform faq about the submission of voluntary commitments sdg actions engage events webinars member states un system stakeholder engagement news about topics mountains related sdgs protect restore and promote sustainable use ,https://sdgs.un.org/topics/mountains,sustainable development,Goal 15: Life on Land,15
2, description publications events documents statements milestones description,https://sdgs.un.org/topics/mountains,description publications,Goal 15: Life on Land,15
3,faq about the submission of voluntary commitments sdg actions engage events webinars member states un system stakeholder engagement news about topics mountains related sdgs protect restore and promote sustainable use ,https://sdgs.un.org/topics/mountains,voluntary commitments,Goal 15: Life on Land,15
4, description publications events documents statements milestones description in its para the agenda for sustainable development focuses on the impact that sustainable management of natural resources has on social and economic development and therefore on the importance of conservation and sustainable use of oceans and seas freshwater resources as well as forests mountains and drylands and of the protection of biodiversity ecosystems and wildlife,https://sdgs.un.org/topics/mountains,conservation sustainable,Goal 15: Life on Land,15
5, furthermore the need to protect restore and promote sustainable use of terrestrial ecosystems sustainably manage forests combat desertification and halt and reverse land degradation and halt biodiversity loss is set as sustainable development goal of the agenda,https://sdgs.un.org/topics/mountains,sustainable development,Goal 15: Life on Land,15
6, of sdg in particular explicitly mentions mountains among the ecosystems to be conserved restored and sustainably used in line with international agreements,https://sdgs.un.org/topics/mountains,ecosystems conserved,Goal 15: Life on Land,15
7, the outcome document of the rio conference the future we want recognizes through paragraphs both the benefits derived from mountain regions as essential for sustainable development and the crucial role played by mountain ecosystems in providing water resources to a large portion of the world s population,https://sdgs.un.org/topics/mountains,document rio,Goal 15: Life on Land,15
8, it also acknowledges the importance of mountains as home to indigenous people and local communities,https://sdgs.un.org/topics/mountains,importance mountains,Goal 15: Life on Land,15
9, the future we want warns about the vulnerability of fragile mountain ecosystems to the adverse impacts of climate change deforestation and forest degradation land use change land degradation and natural disasters the marginalisation of its communities,https://sdgs.un.org/topics/mountains,mountain ecosystems,Goal 15: Life on Land,15
10, therefore it invites states to reinforce cooperative action with effective involvement and sharing of experience of all relevant stakeholders and to adopt a long term vision and holistic approaches including through incorporating mountain specific policies into national sustainable development strategies which could include inter alia poverty reduction plans and programmes for mountain areas particularly in developing countries,https://sdgs.un.org/topics/mountains,incorporating mountain,Goal 15: Life on Land,15
11, prior to rio sustainable mountain development was discussed at the third session of the commission on sustainable development and the nineteenth special session of the general assembly held in ,https://sdgs.un.org/topics/mountains,sustainable mountain,Goal 15: Life on Land,15
12, the following year the general assembly also proclaimed as the international year of mountains by adopting without a vote a draft resolution recommended by the economic and social council,https://sdgs.un.org/topics/mountains,proclaimed 2002,Goal 15: Life on Land,15
13, sustainable mountain development is also the subject of chapter of agenda which notes that mountains are an important source of water energy biological diversity key resources such as minerals forest products and agricultural products and of recreation,https://sdgs.un.org/topics/mountains,sustainable mountain,Goal 15: Life on Land,15
14, mountain environments represent major ecosystems which are essential to the survival of the global ecosystem but they are rapidly changing,https://sdgs.un.org/topics/mountains,mountain environments,Goal 15: Life on Land,15
15, many global mountain areas are experiencing environmental degradation,https://sdgs.un.org/topics/mountains,environmental degradation,Goal 15: Life on Land,15
16, at the same time about ten percent of the world s population depends directly on mountain resources and a much larger percentage draws on mountain resources including and especially water,https://sdgs.un.org/topics/mountains,mountain resources,Goal 15: Life on Land,15
17, chapter also includes two programme areas to further elaborate the problem of fragile mountain ecosystems,https://sdgs.un.org/topics/mountains,mountain ecosystems,Goal 15: Life on Land,15
18,generating and strengthening knowledge about the ecology and sustainable development of mountain ecosystems and promoting integrated watershed development and alternative livelihood opportunities,https://sdgs.un.org/topics/mountains,mountain ecosystems,Goal 15: Life on Land,15
19, publications transforming our world the agenda for sustainable development this agenda is a plan of action for people planet and prosperity,https://sdgs.un.org/topics/mountains,agenda sustainable,Goal 15: Life on Land,15
20, it also seeks to strengthen universal peace in larger freedom we recognize that eradicating poverty in all its forms and dimensions including extreme poverty is the greatest global challenge and an indispensable requirement for su,https://sdgs.un.org/topics/mountains,eradicating poverty,Goal 15: Life on Land,15
21, read the document why mountains matters for forests and biodiversity a call for action on the sustainable development goals sdgs mountains cover of the world land surface and directly support of the wold s population living within mountain regions,https://sdgs.un.org/topics/mountains,sdgs mountains,Goal 15: Life on Land,15
22, sustainable mountain developmetn should be a global priority given the multitude of ecosystem goods and services that mountain provide,https://sdgs.un.org/topics/mountains,sustainable mountain,Goal 15: Life on Land,15
23, read the document why mountains matter for energy a call for action on the sustainable development goals sdgs sustainable mountains development should be a global priority given the multitude of services that mountains provide among the most notable being water for half of humanity for drinking irrigation and energy production the pressing need to alleviate poverty in mountain regions is another reason f,https://sdgs.un.org/topics/mountains,sustainable mountains,Goal 15: Life on Land,15
24, read the document events see all events sep fri sdg moment online jul wed higher education sustainability initiative online jul tue mon sdgs learning training and practice the division for sustainable development goals at the united nations department of economic and social affairs un desa dsdg and the united nations institute for training and research unitar are organizing the nbsp edition of the sdgs learning training amp practice nbsp a series of cap online jul mon targets renewing commitments and galvanizing action member states created targets across sdgs with an accelerated timeline,https://sdgs.un.org/topics/mountains,sustainability initiative,Goal 15: Life on Land,15
25, these targets all have strong links with the rest of the agenda so meaningful progress in the targets will advance the agenda as a whole at the same time durable success in the targets will be possible on online webinar jun sun wed unep environment assembly online may mon fri united nations forum on forests nov sat thu fourteenth meeting of the conference of the parties to the convention on biological diversity cop sharm el sheikh egypt may mon tue expert group meeting on sustainable development goal progress and prospects in preparation for the hlpf the division for sustainable development goals of the department of economic and social affairs dsdg desa organized an expert group meeting egm on sdg and its role in advancing sustainable development through implementation of the agenda in partnership unhq new york usa dec fri ,https://sdgs.un.org/topics/mountains,meeting sustainable,Goal 15: Life on Land,15
26,unhq new york usa dec fri international mountain day promoting mountain products for better livelihoods the united nations general assembly designated december international mountain day ,https://sdgs.un.org/topics/mountains,international mountain,Goal 15: Life on Land,15
27, as of it has been observed every year to create awareness about the importance of mountains to life to highlight the opportunities and constraints in mountain development and to build alliances that will oct wed fri nd euro asian mountain resorts conference the world tourism organisation unwto and ulsan metropolitan city with support of the government of the republic of korea are organizing the nd euro asian mountain resorts conference in ulsan republic of korea october ,https://sdgs.un.org/topics/mountains,mountain resorts,Goal 15: Life on Land,15
28, under the title paving the way for a bright future for mounta ulsan republic of korea displaying of title type date agenda on expert group meeting on sustainable development goal progress and prospects programme mar concept note on expert group meeting on sustainable development goal progress and prospects other documents mar a sustainable mountain development secretary general reports jul summary of side event mountains and forests make headlines at the united nations side events feb a res sustainable mountain development resolutions and decisions feb a sustainable mountain development secretary general reports oct a sustainable mountain development secretary general reports aug a add,https://sdgs.un.org/topics/mountains,sustainable mountain,Goal 15: Life on Land,15
29, sustainable development sustainable mountain development rendering assistance to poor secretary general reports dec e cn,https://sdgs.un.org/topics/mountains,sustainable mountain,Goal 15: Life on Land,15
30, pc sustainable mountain development secretary general reports mar e coordination programme and other questions proclamation of an international year of mountains meeting reports mar e cn,https://sdgs.un.org/topics/mountains,mountains meeting,Goal 15: Life on Land,15
31, managing fragile ecosystems sustainable mountain development secretary general reports jan e cn,https://sdgs.un.org/topics/mountains,fragile ecosystems,Goal 15: Life on Land,15
32, sustainable mountain development secretary general reports feb displaying of title category date sort ascending briefing to the eu sustainable mountain development briefing on the sg s report statements jan milestones january sdg mountains target n,https://sdgs.un.org/topics/mountains,sustainable mountain,Goal 15: Life on Land,15
33, of sustainable development goal explicitly mentions mountains among the ecosystems to be conserved restored and sustainably used in line with international agreements,https://sdgs.un.org/topics/mountains,mountains ecosystems,Goal 15: Life on Land,15
34, january future we want para the outcome document of the rio conference the future we want recognizes through paragraphs both the benefits derived from mountain regions as essential for sustainable development and the crucial role played by mountain ecosystems in providing water resources to a large portion of the world s population,https://sdgs.un.org/topics/mountains,2012 future,Goal 15: Life on Land,15
35, it also acknowledges the importance of mountains as home to indigenous people and local communities,https://sdgs.un.org/topics/mountains,importance mountains,Goal 15: Life on Land,15
36,it also acknowledges the importance of mountains as home to indigenous people and local communities,https://sdgs.un.org/topics/mountains,importance mountains,Goal 15: Life on Land,15
37, it also warns about the vulnerability of fragile mountain ecosystems to the adverse impacts of climate change deforestation and forest degradation land use change land degradation and natural disasters the marginalization of its communities,https://sdgs.un.org/topics/mountains,mountain ecosystems,Goal 15: Life on Land,15
38, january international year of mountains the un general assembly declared the un international year of mountains,https://sdgs.un.org/topics/mountains,year mountains,Goal 15: Life on Land,15
39, the aim of international year of mountains is to ensure the well being of mountain and lowland communities by promoting the conservation and sustainable development of mountain regions,https://sdgs.un.org/topics/mountains,year mountains,Goal 15: Life on Land,15
40, january international mountain day the un general assembly designated december from onwards as international mountain day ,https://sdgs.un.org/topics/mountains,international mountain,Goal 15: Life on Land,15
41, fao is the coordinating agency for the preparation and animation of this celebration imd and is mandated to lead observance of it at the global level whereas the watershed management and mountains programme of the forestry department is responsible for coordinating this international process,https://sdgs.un.org/topics/mountains,fao coordinating,Goal 15: Life on Land,15
42, the commission recognizes that mountain ecosystems and environments are of crucial importance as rich and unique centres of biological and cultural diversity water stores and sources of minerals and at the same time stresses on the fragility of mountain ecosystems and the adverse impact of the degradation of those systems on highland and lowland populations,https://sdgs.un.org/topics/mountains,mountain ecosystems,Goal 15: Life on Land,15
43, the commission calls upon governments and the international community to take action at all levels with the objective of combating poverty in mountain areas and urges interested governments and organizations including the private sector to promote initiatives aimed at raising awareness including the convening of regional intergovernmental consultations,https://sdgs.un.org/topics/mountains,intergovernmental consultations,Goal 15: Life on Land,15
44, sustainable mountain development is the subject of chapter of agenda which notes that mountains are an important source of water energy biological diversity key resources such as minerals forest products and agricultural products and of recreation,https://sdgs.un.org/topics/mountains,sustainable mountain,Goal 15: Life on Land,15
45, mountain environments represent major ecosystems which are essential to the survival of the global ecosystem but they are rapidly changing,https://sdgs.un.org/topics/mountains,mountain environments,Goal 15: Life on Land,15
46, many global mountain areas are experiencing environmental degradation,https://sdgs.un.org/topics/mountains,environmental degradation,Goal 15: Life on Land,15
47, at the same time about ten percent of the world s population depends directly on mountain resources and a much larger percentage draws on mountain resources including water,https://sdgs.un.org/topics/mountains,mountain resources,Goal 15: Life on Land,15
48, events see all events sep sdg moment fri fri sep related goals jul higher education sustainability initiative wed wed jul related goals jul sdgs learning training and practice tue mon jul related goals jul targets renewing commitments and galvanizing action mon mon jul related goals join the conversation footer menu contact copyright fraud alert privacy notice terms of use,https://sdgs.un.org/topics/mountains,2020 sdgs,Goal 15: Life on Land,15
0,desertification land degradation and drought department of economic and social affairs sorry you need to enable javascript to visit this website,https://sdgs.un.org/topics/desertification-land-degradation-and-drought,desertification land,Goal 15: Life on Land,15
1, skip to main content welcome to the united nations englishfran ais espa ol department of economic and social affairs sustainable development main navigation home sdg knowledge sustainable development goals key topics agenda capacity development publications natural resources forum intergovernmental processes high level political forum on sustainable development un conferences and high level events related to sustainable development multi stakeholder forum on science technology and innovation for the sdgs second committee of the un general assembly samoa pathway ecosoc partnership forum hlpf sids th international conference on small island developing states small island developing states multidimensional vulnerability index for sids united nations sids partnerships awards sids partnership framework sdg actions sdg actions platform faq about the submission of voluntary commitments sdg actions engage events webinars member states un system stakeholder engagement news about topics desertification land degradation and drought related sdgs protect restore and promote sustainable use ,https://sdgs.un.org/topics/desertification-land-degradation-and-drought,sustainable development,Goal 15: Life on Land,15
2, description publications events documents statements milestones description,https://sdgs.un.org/topics/desertification-land-degradation-and-drought,description publications,Goal 15: Life on Land,15
3,paragraph of the agenda for sustainable development focuses on the linkage between sustainable management of the planet s natural resources and social and economic development as well as on strengthen cooperation on desertification dust storms land degradation and drought and promote resilience and disaster risk reduction ,https://sdgs.un.org/topics/desertification-land-degradation-and-drought,sustainable development,Goal 15: Life on Land,15
4, sustainable development goal of the agenda aims to protect restore and promote sustainable use of terrestrial ecosystems sustainably manage forests combat desertification and halt and reverse land degradation and halt biodiversity loss ,https://sdgs.un.org/topics/desertification-land-degradation-and-drought,sustainable development,Goal 15: Life on Land,15
5, the economic and social significance of a good land management including soil and its contribution to economic growth and social progress is recognized in paragraph of the future we want,https://sdgs.un.org/topics/desertification-land-degradation-and-drought,land management,Goal 15: Life on Land,15
6, in this context member states express their concern on the challenges posed to sustainable development by desertification land degradation and drought especially for africa ldcs and lldcs,https://sdgs.un.org/topics/desertification-land-degradation-and-drought,development desertification,Goal 15: Life on Land,15
7, at the same time member states highlight the need to take action at national regional and international level to reverse land degradation catalyse financial resources from both private and public donors and implement both the united nations convention to combat desertification unccd and its year strategic plan and framework ,https://sdgs.un.org/topics/desertification-land-degradation-and-drought,desertification unccd,Goal 15: Life on Land,15
8, furthermore in paragraphs and of the future we want member states encourage and recognize the importance of partnerships and initiatives for the safeguarding of land resources further development and implementation of scientifically based sound and socially inclusive methods and indicators for monitoring and assessing the extent of desertification land degradation and drought,https://sdgs.un.org/topics/desertification-land-degradation-and-drought,desertification land,Goal 15: Life on Land,15
9, the relevance of efforts underway to promote scientific research and strengthen the scientific base of activities to address desertification and drought under the unccd is also addressed,https://sdgs.un.org/topics/desertification-land-degradation-and-drought,desertification drought,Goal 15: Life on Land,15
10, combating desertification and drought were discussed by the commission on sustainable development in several sessions,https://sdgs.un.org/topics/desertification-land-degradation-and-drought,desertification drought,Goal 15: Life on Land,15
11, in the framework of the commission s multi year work programme csd focused respectively in and on desertification and drought along with the interrelated issues of land agriculture rural development and africa,https://sdgs.un.org/topics/desertification-land-degradation-and-drought,2009 desertification,Goal 15: Life on Land,15
12, in accordance with its multi year programme of work csd in reviewed integrated planning and management of land resources as its sectoral theme,https://sdgs.un.org/topics/desertification-land-degradation-and-drought,resources sectoral,Goal 15: Life on Land,15
13, in its decision on integrated planning and management of land resources the commission on sustainable development noted the importance of addressing sustainable development through a holistic approach such as ecosystem management in order to meet the priority challenges of desertification and drought sustainable mountain development prevention and mitigation of land degradation coastal zones deforestation climate change rural and urban land use urban growth and conservation of biological diversity,https://sdgs.un.org/topics/desertification-land-degradation-and-drought,sustainable development,Goal 15: Life on Land,15
14, the sectoral cluster of land desertification forests and biodiversity as well as mountains chapters and of agenda were considered by csd in and again at the five year review in ,https://sdgs.un.org/topics/desertification-land-degradation-and-drought,desertification forests,Goal 15: Life on Land,15
15, the un conference on environment and development unced called upon the united nations general assembly to establish an intergovernmental negotiating committee incd to prepare by june an international convention to combat desertification in those countries experiencing serious drought and or desertification particularly in africa,https://sdgs.un.org/topics/desertification-land-degradation-and-drought,committee incd,Goal 15: Life on Land,15
16, the convention was adopted in paris on june and opened for signature there on october ,https://sdgs.un.org/topics/desertification-land-degradation-and-drought,convention adopted,Goal 15: Life on Land,15
17, it entered into force on december ,https://sdgs.un.org/topics/desertification-land-degradation-and-drought,december 1996,Goal 15: Life on Land,15
18, deserts are among the fragile ecosystems addressed by agenda and combating desertification and drought is the subject of chapter ,https://sdgs.un.org/topics/desertification-land-degradation-and-drought,desertification drought,Goal 15: Life on Land,15
19, desertification includes land degradation in arid semi arid and dry sub humid areas resulting from various factors including climatic variations and human activities,https://sdgs.un.org/topics/desertification-land-degradation-and-drought,desertification includes,Goal 15: Life on Land,15
20, desertification affects as much as one sixth of the world s population seventy percent of all drylands and one quarter of the total land area of the world,https://sdgs.un.org/topics/desertification-land-degradation-and-drought,desertification affects,Goal 15: Life on Land,15
21, it results in widespread poverty as well as in the degradation of billion hectares of rangeland and cropland,https://sdgs.un.org/topics/desertification-land-degradation-and-drought,hectares rangeland,Goal 15: Life on Land,15
22, integrated planning and management of land resources is the subject of chapter of agenda which deals with the cross sectoral aspects of decision making for the sustainable use and development of natural resources including the soils minerals water and biota that land comprises,https://sdgs.un.org/topics/desertification-land-degradation-and-drought,management land,Goal 15: Life on Land,15
23, this broad integrative view of land resources which are essential for life support systems and the productive capacity of the environment is the basis of agenda s and the commission on sustainable development s consideration of land issues,https://sdgs.un.org/topics/desertification-land-degradation-and-drought,land resources,Goal 15: Life on Land,15
24, expanding human requirements and economic activities are placing ever increasing pressures on land resources creating competition and conflicts and resulting in suboptimal use of resources,https://sdgs.un.org/topics/desertification-land-degradation-and-drought,land resources,Goal 15: Life on Land,15
25, by examining all uses of land in an integrated manner it makes it possible to minimize conflicts to make the most efficient trade offs and to link social and economic development with environmental protection and enhancement thus helping to achieve the objectives of sustainable development,https://sdgs.un.org/topics/desertification-land-degradation-and-drought,uses land,Goal 15: Life on Land,15
26, the food and agriculture organization of the united nations fao is the task manager for chapter of agenda ,https://sdgs.un.org/topics/desertification-land-degradation-and-drought,agriculture organization,Goal 15: Life on Land,15
27,publications publication making peace with nature a scientific blueprint to tackle the climate biodiversity and pollution emergencies part i of the report addresses how the current expansive mode of development degrades and exceeds the earth s finite capacity to sustain human well being,https://sdgs.un.org/topics/desertification-land-degradation-and-drought,peace nature,Goal 15: Life on Land,15
28, the world is failing to meet most of its commitments to limit environmental damage and this increasingly threatens the achievement of the sustain,https://sdgs.un.org/topics/desertification-land-degradation-and-drought,environmental damage,Goal 15: Life on Land,15
29, read the document transforming our world the agenda for sustainable development this agenda is a plan of action for people planet and prosperity,https://sdgs.un.org/topics/desertification-land-degradation-and-drought,agenda sustainable,Goal 15: Life on Land,15
30, it also seeks to strengthen universal peace in larger freedom we recognize that eradicating poverty in all its forms and dimensions including extreme poverty is the greatest global challenge and an indispensable requirement for su,https://sdgs.un.org/topics/desertification-land-degradation-and-drought,eradicating poverty,Goal 15: Life on Land,15
31, read the document transforming land management globally combatting land degradation is a key component of the post development agenda,https://sdgs.un.org/topics/desertification-land-degradation-and-drought,land degradation,Goal 15: Life on Land,15
32, the linkage between land degradation and other global environmental challenges is more recognized than ever before,https://sdgs.un.org/topics/desertification-land-degradation-and-drought,land degradation,Goal 15: Life on Land,15
33, we must leverage the increasing attention being given to land to further promote sustainable land ma,https://sdgs.un.org/topics/desertification-land-degradation-and-drought,land promote,Goal 15: Life on Land,15
34, read the document combating desertification land degradation and drought for poverty reduction and sustainable development the contribution of science technology traditional knowledge and practices preliminary conclusions the effects of demographic pressure and unsustainable land management practices on land degradation and desertification are being exacerbated worldwide due to the effects of climate change which include but are not limited to changing rainfall patterns increased frequency and intensity of drough,https://sdgs.un.org/topics/desertification-land-degradation-and-drought,degradation desertification,Goal 15: Life on Land,15
35, read the document climate change and desertification anticipating assessing amp adapting to future change in drylands impulse report climate change and desertification anticipating assessing and adapting to future change in drylands the impulse report a preparatory document for the third scientific conference of the un convention to combat desertification unccd to be held in canc n mexico this march has been pub,https://sdgs.un.org/topics/desertification-land-degradation-and-drought,change desertification,Goal 15: Life on Land,15
36, read the document white paper ii costs and benefits of policies and practices addressing land degradation and drought in the drylands drylands are complex social ecological systems characterized by non linearity of causation complex feedback loops within and between the many different social ecological and economic entities and potential of regime shifts to alternative stable states as a result of thresholds,https://sdgs.un.org/topics/desertification-land-degradation-and-drought,drought drylands,Goal 15: Life on Land,15
37, read the document brazil low carbon country case study in order to mitigate the impacts of climate change the world must drastically reduce global ghg emissions in the coming decades,https://sdgs.un.org/topics/desertification-land-degradation-and-drought,climate change,Goal 15: Life on Land,15
38, according to the ipcc to prevent the global mean temperature from rising over oc atmospheric ghg concentrations must be stabilized at ppm,https://sdgs.un.org/topics/desertification-land-degradation-and-drought,atmospheric ghg,Goal 15: Life on Land,15
39,trends in sustainable development this report highlights key developments and recent trends in agriculture rural development land desertification and drought five of the six themes being considered by the commission on sustainable development csd at its th and th sessions ,https://sdgs.un.org/topics/desertification-land-degradation-and-drought,sustainable development,Goal 15: Life on Land,15
40, read the document sustainable development innovation briefs issue foreign land purchases for agriculture what impact on sustainable development,https://sdgs.un.org/topics/desertification-land-degradation-and-drought,agriculture impact,Goal 15: Life on Land,15
41, private investors and governments have recently stepped up foreign investment in farmlandin the form of purchases or long term lease of large tracks of arable land notably in africa,https://sdgs.un.org/topics/desertification-land-degradation-and-drought,investment farmlandin,Goal 15: Life on Land,15
42, read the document sustainable development innovation briefs issue the contribution of sustainable agriculture and land management to sustainable development,https://sdgs.un.org/topics/desertification-land-degradation-and-drought,sustainable agriculture,Goal 15: Life on Land,15
43, read the document sustainable land use for the st century this study is part of the sustainable development in the st century sd project,https://sdgs.un.org/topics/desertification-land-degradation-and-drought,sustainable land,Goal 15: Life on Land,15
44, the project is implemented by the division for sustainable development of the united nations department of economic and social affairs and funded by the european commission directorate general for environment t,https://sdgs.un.org/topics/desertification-land-degradation-and-drought,sustainable development,Goal 15: Life on Land,15
45, read the document events see all events may tue wed expert group meeting on sdg life on land and its interlinkages with other sdgs in preparation for the review of sdg protect restore and promote sustainable use of terrestrial ecosystems sustainably manage forests combat desertification and halt and reverse land degradation and halt biodiversity loss and its role in advancing sustainable development across the ag virtual meeting nyc time apr tue expert group meetings on hlpf thematic review nbsp nbsp the theme of the high level political forum on sustainable development hlpf is building back better from the coronavirus disease covid while advancing the full implementation of the agenda for sustainable development ,https://sdgs.un.org/topics/desertification-land-degradation-and-drought,sustainable development,Goal 15: Life on Land,15
46, the hlpf will have an jun sun wed unep environment assembly online may mon fri united nations forum on forests nov sat thu fourteenth meeting of the conference of the parties to the convention on biological diversity cop sharm el sheikh egypt may mon tue expert group meeting on sustainable development goal progress and prospects in preparation for the hlpf the division for sustainable development goals of the department of economic and social affairs dsdg desa organized an expert group meeting egm on sdg and its role in advancing sustainable development through implementation of the agenda in partnership unhq new york usa dec sat iys closure event the world soil day will host the closure event of the international year of soils,https://sdgs.un.org/topics/desertification-land-degradation-and-drought,hlpf 2020,Goal 15: Life on Land,15
47, it will also coincide with the launch of the first status of the world soil resources report ,https://sdgs.un.org/topics/desertification-land-degradation-and-drought,world soil,Goal 15: Life on Land,15
48,sat iys closure event the world soil day will host the closure event of the international year of soils,https://sdgs.un.org/topics/desertification-land-degradation-and-drought,soil day,Goal 15: Life on Land,15
49, it will also coincide with the launch of the first status of the world soil resources report ,https://sdgs.un.org/topics/desertification-land-degradation-and-drought,world soil,Goal 15: Life on Land,15
50, rome italy nov mon fri st session of the conference of the parties and th session of the conference of the parties serving as the meeting of the parties to the kyoto protocol unfccc cop cmp the united nations framework convention on climate change or unfccc was adopted during the rio de janeiro earth summit in ,https://sdgs.un.org/topics/desertification-land-degradation-and-drought,kyoto protocol,Goal 15: Life on Land,15
51, it entered into force on march and has been ratified by states which constitute the parties to the convention its stakeholders,https://sdgs.un.org/topics/desertification-land-degradation-and-drought,1994 ratified,Goal 15: Life on Land,15
52, this framework conven paris france oct mon fri united nations convention to combat desertification unccd th session the united nations convention to combat desertification unccd will host its twelfth session of the conference of the parties cop in ankara turkey from october to october ,https://sdgs.un.org/topics/desertification-land-degradation-and-drought,desertification unccd,Goal 15: Life on Land,15
53, the conference will take place at the congresium ankara ato international convention and exhibition centre,https://sdgs.un.org/topics/desertification-land-degradation-and-drought,congresium ankara,Goal 15: Life on Land,15
54, de ankara turkey jun mon wed third plenary assembly of the global soil partnership the food and agriculture organization extends an invitation to attend the third plenary assembly of the global soil partnership gsp to be held from to june at fao headquarters in rome,https://sdgs.un.org/topics/desertification-land-degradation-and-drought,soil partnership,Goal 15: Life on Land,15
55, the opening meeting will commence at ,https://sdgs.un.org/topics/desertification-land-degradation-and-drought,opening meeting,Goal 15: Life on Land,15
56, the provisional agenda is attach rome italy displaying of title type date a implementation of united nations environmental conventions secretary general reports jul agenda on expert group meeting on sustainable development goal progress and prospects programme mar concept note on expert group meeting on sustainable development goal progress and prospects other documents mar a add,https://sdgs.un.org/topics/desertification-land-degradation-and-drought,provisional agenda,Goal 15: Life on Land,15
57, implementation of agenda the programme for the further implementation of agenda and the resolutions and decisions dec a sustainable development report of the second committee resolutions and decisions dec a add,https://sdgs.un.org/topics/desertification-land-degradation-and-drought,agenda 21,Goal 15: Life on Land,15
58, implementation of the united nations convention to combat desertification in those countries resolutions and decisions dec a implementation of united nations environmental conventions secretary general reports jul outcome document introduction to the proposal of the open working group for sustainable development goals outcome documents jul near east drought management university of nebraska other documents jul the analysis mapping and identification of critical gaps in pre impact and preparedness drought management other documents jul dr,https://sdgs.un.org/topics/desertification-land-degradation-and-drought,preparedness drought,Goal 15: Life on Land,15
59, wu drought implementation protocol other documents may medroplan report examples other documents may ,https://sdgs.un.org/topics/desertification-land-degradation-and-drought,wu drought,Goal 15: Life on Land,15
60, wu drought implementation protocol other documents may medroplan report examples other documents may medroplan website may role of economic and social instruments in drought management other documents may national capacities to manage drought in jordan other documents may pagination next next page last last page displaying of title category date sort ascending argentina desertification drought and land degredation may saudi arabia desertification drought and land degredation may south africa desertification drought and land degredation may tanzania desertification drought and land degredation may uruguay desertification drought and land degredation may zimbabwe desertification drought and land degredation may new zealand desertification drought and land degredation may togo desertification drought and land degredation may united nations convention to combat desertification unccd desertification drought and land degredation may message on the world day to combat desertification and drought statements jun summary high level segment roundtable integrated land water management for may russia desertification feb australia desertification feb morocco desertification feb combating desertification and land degradation sustainable land management slm desertification feb pagination next next page last last page milestones january sdg desertification sdg aims at protecting restoring and promoting sustainable use of terrestrial ecosystems sustainable manage forests combat desertification and halt and reverse land degradation and halt biodiversity loss,https://sdgs.un.org/topics/desertification-land-degradation-and-drought,desertification drought,Goal 15: Life on Land,15
61, in particular reads to achieve by combat desertification restore degraded land and soil including land affected by desertification drought and floods and strive to achieve a land degradation neutral world ,https://sdgs.un.org/topics/desertification-land-degradation-and-drought,desertification restore,Goal 15: Life on Land,15
62, january future we want para the economic and social significance of a good land management including soil and its contribution to economic growth and social progress is also recognized in paragraph of the future we want,https://sdgs.un.org/topics/desertification-land-degradation-and-drought,land management,Goal 15: Life on Land,15
63, in this context member states express their concern on the challenges posed to sustainable development by desertification land degradation and drought especially for africa ldcs and lldcs,https://sdgs.un.org/topics/desertification-land-degradation-and-drought,development desertification,Goal 15: Life on Land,15
64, at the same time member states highlight the need to take action at national regional and international level to reverse land degradation catalyze financial resources from both private and public donors and implement both the united nations convention to combat desertification unccd and its year strategic plan and framework ,https://sdgs.un.org/topics/desertification-land-degradation-and-drought,desertification unccd,Goal 15: Life on Land,15
65,furthermore in paragraphs and of the future we want member states encourage and recognize the importance of partnerships and initiatives for the safeguarding of land resources further development and implementation of scientifically based sound and socially inclusive methods and indicators for monitoring and assessing the extent of desertification land degradation and drought,https://sdgs.un.org/topics/desertification-land-degradation-and-drought,desertification land,Goal 15: Life on Land,15
66, the relevance of efforts underway to promote scientific research and strengthen the scientific base of activities to address desertification and drought under the unccd is also taken into account by paragraph ,https://sdgs.un.org/topics/desertification-land-degradation-and-drought,desertification drought,Goal 15: Life on Land,15
67, january un decade on desertification launched by the general assembly with the adoption of resolution a res the un decade for deserts and the fight against desertification was designed to address the parties concern about the worsening of the situation of desertification and its negative impact on the achievement of the millennium development goals,https://sdgs.un.org/topics/desertification-land-degradation-and-drought,decade desertification,Goal 15: Life on Land,15
68, the decade started in january and will end in december with the aim of promoting action ensuring the protection of dry lands,https://sdgs.un.org/topics/desertification-land-degradation-and-drought,decade,Goal 15: Life on Land,15
69, c d e csd focused on the thematic cluster of agriculture rural development land drought desertification and africa,https://sdgs.un.org/topics/desertification-land-degradation-and-drought,cluster agriculture,Goal 15: Life on Land,15
70, year of deserts and desertification the international year of deserts and desertification was launched to highlight the threat represented by the advancing of deserts and the loss it may cause to biodiversity,https://sdgs.un.org/topics/desertification-land-degradation-and-drought,deserts desertification,Goal 15: Life on Land,15
71, through this international year the un aimed at raising public awareness on this issue and at reversing the trend of desertification setting the world on a safer and more sustainable path of development,https://sdgs.un.org/topics/desertification-land-degradation-and-drought,trend desertification,Goal 15: Life on Land,15
72, as decided at ungass the economic sectoral and cross sectoral themes under consideration for csd were sustainable agriculture and land management integrating planning and management of land resources and financial resources trade and investment and economic growth,https://sdgs.un.org/topics/desertification-land-degradation-and-drought,csd sustainable,Goal 15: Life on Land,15
73,csd to csd annually gathered at the un headquarters for spring meetings,https://sdgs.un.org/topics/desertification-land-degradation-and-drought,csd annually,Goal 15: Life on Land,15
74, discussions at each session opened with multi stakeholder dialogues in which major groups were invited to make opening statements on selected themes followed by a dialogue with government representatives,https://sdgs.un.org/topics/desertification-land-degradation-and-drought,stakeholder dialogues,Goal 15: Life on Land,15
75, january unccd the only legally binding international agreement connecting environment and development to sustainable land management unccd addresses the arid semi arid and dry sub humid areas known as the drylands where some of the most vulnerable ecosystems and peoples can be found,https://sdgs.un.org/topics/desertification-land-degradation-and-drought,known drylands,Goal 15: Life on Land,15
76, in the year strategy of the unccd was adopted and on that occasion parties to the convention further specified their goals to forge a global partnership to reverse and prevent desertification land degradation and to mitigate the effects of drought in affected areas in order to support poverty reduction and environmental sustainability ,https://sdgs.un.org/topics/desertification-land-degradation-and-drought,strategy unccd,Goal 15: Life on Land,15
77, the convention was adopted in paris on june and entered into force on december days after the th ratification was received,https://sdgs.un.org/topics/desertification-land-degradation-and-drought,50th ratification,Goal 15: Life on Land,15
78, countries and the european union are parties as at april ,https://sdgs.un.org/topics/desertification-land-degradation-and-drought,194 countries,Goal 15: Life on Land,15
79,the convention was adopted in paris on june and entered into force on december days after the th ratification was received,https://sdgs.un.org/topics/desertification-land-degradation-and-drought,50th ratification,Goal 15: Life on Land,15
80, countries and the european union are parties as at april ,https://sdgs.un.org/topics/desertification-land-degradation-and-drought,194 countries,Goal 15: Life on Land,15
81, and integrated planning and management of land resources is the subject of chapter of agenda which deals with the cross sectoral aspects of decision making for the sustainable use and development of natural resources including the soils minerals and water that land comprises,https://sdgs.un.org/topics/desertification-land-degradation-and-drought,integrated planning,Goal 15: Life on Land,15
82, included in the sections devoted to the management of fragile ecosystems chapter has focused on combating desertification and droughts,https://sdgs.un.org/topics/desertification-land-degradation-and-drought,fragile ecosystems,Goal 15: Life on Land,15
83, the priority to keep in mind while combating desertification is identified by chap ,https://sdgs.un.org/topics/desertification-land-degradation-and-drought,combating desertification,Goal 15: Life on Land,15
84, in the need to implement preventive measures for lands that are not yet degraded or which are only slightly degraded,https://sdgs.un.org/topics/desertification-land-degradation-and-drought,measures lands,Goal 15: Life on Land,15
85, however the severely degraded areas should not be neglected,https://sdgs.un.org/topics/desertification-land-degradation-and-drought,degraded areas,Goal 15: Life on Land,15
86, in combating desertification and drought the participation of local communities rural organizations national governments non governmental organizations and international and regional organizations is essential ,https://sdgs.un.org/topics/desertification-land-degradation-and-drought,drought participation,Goal 15: Life on Land,15
87, events see all events may expert group meeting on sdg life on land and its interlinkages with other sdgs tue wed may related goals apr expert group meetings on hlpf thematic review tue tue apr related goals jun unep environment assembly sun wed jun related goals may united nations forum on forests mon fri may related goals join the conversation footer menu contact copyright fraud alert privacy notice terms of use,https://sdgs.un.org/topics/desertification-land-degradation-and-drought,life land,Goal 15: Life on Land,15
